Timestamp,Where are you from? (please be specific),Where do you live now? (please be specific),Which temperature scale do you use?,What is the lowest temperature outside that you are comfortable at?,What is the highest temperature outside that you are comfortable at?,"If it could always be the same temperature outside, what would you want it to be?",lowF,highF,optimumF,lowC,highC,optimumC,rangeF,opt01,koppen_codes,data_mistake,user_typo,dup
12/14/2018 21:10:27,"Little Rock, AR","Chicago, IL",Fahrenheit,70,100,85,70,100,85,21.11111111,37.77777778,29.44444444,30,0.5,,,,
12/14/2018 21:46:48,germany,germany,Celsius,5,25,18,41,77,64.4,5,25,18,36,0.65,,,,
12/14/2018 21:51:42,Oklahoma,New Jersey,Fahrenheit,40,90,70,40,90,70,4.444444444,32.22222222,21.11111111,50,0.6,,,,
12/14/2018 21:56:47,Finland,Finland,Celsius,-17,28,23,1.4,82.4,73.4,-17,28,23,81,0.8888888889,,,,
12/14/2018 21:59:58,Germany ,Germany ,Celsius,-8,20,-1,17.6,68,30.2,-8,20,-1,50.4,0.25,,,,
12/14/2018 22:00:53,France,South of France,Celsius,-5,20,10,23,68,50,-5,20,10,45,0.6,,,,
12/14/2018 22:01:39,South Korea,"MD, USA",Fahrenheit,60,110,85,60,110,85,15.55555556,43.33333333,29.44444444,50,0.5,,,,
12/14/2018 22:06:45,Poland ,Poland,Celsius,10,25,22,50,77,71.6,10,25,22,27,0.8,,,,
12/14/2018 22:07:46,Spain,Spain,Celsius,0,30,20,32,86,68,0,30,20,54,0.6666666667,,,,
12/14/2018 22:08:25,New Jersey,Washington DC ,Fahrenheit,60,90,82,60,90,82,15.55555556,32.22222222,27.77777778,30,0.7333333333,,,,
12/14/2018 22:09:44,Michigan ,Michigan ,Fahrenheit,30,85,65,30,85,65,-1.111111111,29.44444444,18.33333333,55,0.6363636364,,,,
12/14/2018 22:10:05,"Salt Lake City, Utah","Washington, DC",Fahrenheit,50,77,68,50,77,68,10,25,20,27,0.6666666667,,,,
12/14/2018 22:11:09,"Charlotte, NC, USA","Charlotte, NC, USA",Fahrenheit,65,80,70,65,80,70,18.33333333,26.66666667,21.11111111,15,0.3333333333,,,,
12/14/2018 22:14:53,Netherlands,Netherlands,Celsius,10,22,18,50,71.6,64.4,10,22,18,21.6,0.6666666667,,,,
12/14/2018 22:17:03,Ireland,Ireland,Celsius,14,23,20,57.2,73.4,68,14,23,20,16.2,0.6666666667,,,,
12/14/2018 22:18:41,México ,México ,Celsius,8,28,13,46.4,82.4,55.4,8,28,13,36,0.25,,,,
12/14/2018 22:19:34,Uk,Uk,Celsius,-5,35,27,23,95,80.6,-5,35,27,72,0.8,,,,
12/14/2018 22:21:01,Indiana,Indiana,Fahrenheit,45,80,75,45,80,75,7.222222222,26.66666667,23.88888889,35,0.8571428571,,,,
12/14/2018 22:21:10,Michigan ,Connecticut ,Fahrenheit,50,80,72,50,80,72,10,26.66666667,22.22222222,30,0.7333333333,,,,
12/14/2018 22:21:20,Wisconsin,D.C.,Fahrenheit,40,70,55,40,70,55,4.444444444,21.11111111,12.77777778,30,0.5,,,,
12/14/2018 22:25:29,United States,United States,Fahrenheit,30,72,60,30,72,60,-1.111111111,22.22222222,15.55555556,42,0.7142857143,,,,
12/14/2018 22:26:24,Germany,Germany,Celsius,-5,25,20,23,77,68,-5,25,20,54,0.8333333333,,,,
12/14/2018 22:27:10,United States ,United States,Fahrenheit,40,75,63,40,75,63,4.444444444,23.88888889,17.22222222,35,0.6571428571,,,,
12/14/2018 22:27:19,Canada,USA,Fahrenheit,50,80,70,50,80,70,10,26.66666667,21.11111111,30,0.6666666667,,,,
12/14/2018 22:30:55,California ,California ,Fahrenheit,50,110,85,50,110,85,10,43.33333333,29.44444444,60,0.5833333333,,,,
12/14/2018 22:31:27,ohio,washington,Fahrenheit,60,80,70,60,80,70,15.55555556,26.66666667,21.11111111,20,0.5,,,,
12/14/2018 22:31:55,United Kingdom,United Kingdom,Celsius,22,30,27,71.6,86,80.6,22,30,27,14.4,0.625,,,,
12/14/2018 22:32:28,United States,United States,Fahrenheit,55,90,65,55,90,65,12.77777778,32.22222222,18.33333333,35,0.2857142857,,,,
12/14/2018 22:32:45,Buffalo,Columbus ,Fahrenheit,32,80,65,32,80,65,0,26.66666667,18.33333333,48,0.6875,,,,
12/14/2018 22:34:19,PNW,PNW,Fahrenheit,40,68,64,40,68,64,4.444444444,20,17.77777778,28,0.8571428571,,,,
12/14/2018 22:35:05,New Jersey,California,Fahrenheit,50,75,70,50,75,70,10,23.88888889,21.11111111,25,0.8,,,,
12/14/2018 22:35:34,"Indiana, USA","Cleveland, OH",Fahrenheit,50,84,68,50,84,68,10,28.88888889,20,34,0.5294117647,,,,
12/14/2018 22:35:35,Germany,Germany,Celsius,18,33,27,64.4,91.4,80.6,18,33,27,27,0.6,,,,
12/14/2018 22:35:37,Western New York,Western New York,Fahrenheit,25,75,55,25,75,55,-3.888888889,23.88888889,12.77777778,50,0.6,,,,
12/14/2018 22:35:53,Poland,Poland,Celsius,-15,20,-5,5,68,23,-15,20,-5,63,0.2857142857,,,,
12/14/2018 22:36:29,New York,Florida,Fahrenheit,70,85,80,70,85,80,21.11111111,29.44444444,26.66666667,15,0.6666666667,,,,
12/14/2018 22:36:54,USA,"USA, Southeast",Fahrenheit,20,95,60,20,95,60,-6.666666667,35,15.55555556,75,0.5333333333,,,,
12/14/2018 22:37:33,US (Maryland),US (TX),Fahrenheit,30,100,60,30,100,60,-1.111111111,37.77777778,15.55555556,70,0.4285714286,,,,
12/14/2018 22:39:17,Ireland,Ireland,Celsius,2,25,22,35.6,77,71.6,2,25,22,41.4,0.8695652174,,,,
12/14/2018 22:40:08,New Hampshire USA,New Hampshire USA,Fahrenheit,50,95,80,50,95,80,10,35,26.66666667,45,0.6666666667,,,,
12/14/2018 22:41:20,Oregon,Utah,Fahrenheit,40,88,65,40,88,65,4.444444444,31.11111111,18.33333333,48,0.5208333333,,,,
12/14/2018 22:42:38,Massachusetts,Massachusetts,Fahrenheit,45,80,68,45,80,68,7.222222222,26.66666667,20,35,0.6571428571,,,,
12/14/2018 22:44:03,France,France,Celsius,10,26,24,50,78.8,75.2,10,26,24,28.8,0.875,,,,
12/14/2018 22:44:13,Norway,Norway,Celsius,12,25,20,53.6,77,68,12,25,20,23.4,0.6153846154,,,,
12/14/2018 22:44:39,New-Brunswick Canada,New-Brunswick,Celsius,-20,30,28,-4,86,82.4,-20,30,28,90,0.96,,,,
12/14/2018 22:46:33,"Palo Alto, California, US","Palo Alto, California, US",Fahrenheit,20,105,75,20,105,75,-6.666666667,40.55555556,23.88888889,85,0.6470588235,,,,
12/14/2018 22:47:04,Texas,Massachusetts,Fahrenheit,45,85,73,45,85,73,7.222222222,29.44444444,22.77777778,40,0.7,,,,
12/14/2018 22:47:19,The Netherlands,The Netherlands,Celsius,8,27,19,46.4,80.6,66.2,8,27,19,34.2,0.5789473684,,,,
12/14/2018 22:48:07,"Seattle, WA","Seattle, WA",Fahrenheit,48,80,70,48,80,70,8.888888889,26.66666667,21.11111111,32,0.6875,,,,
12/14/2018 22:48:28,Czech Republic,Boston,Celsius,0,30,25,32,86,77,0,30,25,54,0.8333333333,,,,
12/14/2018 22:48:44,"Ontario, Canada","Ontario, Canada",Celsius,12,20,17,53.6,68,62.6,12,20,17,14.4,0.625,,,,
12/14/2018 22:48:47,Scotland,Scotland,Celsius,2,11,6,35.6,51.8,42.8,2,11,6,16.2,0.4444444444,,,,
12/14/2018 22:49:26,Australia,Australia,Celsius,0,30,15,32,86,59,0,30,15,54,0.5,,,,
12/14/2018 22:50:25,Belgium,Belgium,Celsius,10,27,22,50,80.6,71.6,10,27,22,30.6,0.7058823529,,,,
12/14/2018 22:50:45,Minneapolis ,Cleveland ,Fahrenheit,40,55,50,40,55,50,4.444444444,12.77777778,10,15,0.6666666667,,,,
12/14/2018 22:50:49,Baltimore,San Diego,Fahrenheit,10,90,72,10,90,72,-12.22222222,32.22222222,22.22222222,80,0.775,,,,
12/14/2018 22:51:19,Missouri,Missouri,Fahrenheit,32,85,70,32,85,70,0,29.44444444,21.11111111,53,0.7169811321,,,,
12/14/2018 22:51:47,Slovakia,Slovakia,Celsius,-5,35,30,23,95,86,-5,35,30,72,0.875,,,,
12/14/2018 22:51:49,"Toronto, Canada","Toronto, Canada",Celsius,-20,35,25,-4,95,77,-20,35,25,99,0.8181818182,,,,
12/14/2018 22:52:28,New York,"Washington, DC",Fahrenheit,35,80,70,35,80,70,1.666666667,26.66666667,21.11111111,45,0.7777777778,,,,
12/14/2018 22:52:52,Minnesota,Minnesota,Fahrenheit,10,90,80,10,90,80,-12.22222222,32.22222222,26.66666667,80,0.875,,,,
12/14/2018 22:53:23,Germany,Germany,Celsius,10,27,15,50,80.6,59,10,27,15,30.6,0.2941176471,,,,
12/14/2018 22:53:25,Georgia,Georgia,Fahrenheit,45,80,65,45,80,65,7.222222222,26.66666667,18.33333333,35,0.5714285714,,,,
12/14/2018 22:53:59,Kansas,Southcentral Kansas,Fahrenheit,0,60,50,0,60,50,-17.77777778,15.55555556,10,60,0.8333333333,,,,
12/14/2018 22:54:09,Pennsylvania,Pennsylvania,Fahrenheit,74,84,78,74,84,78,23.33333333,28.88888889,25.55555556,10,0.4,,,,
12/14/2018 22:54:35,Virginia ,Virginia,Fahrenheit,30,80,60,30,80,60,-1.111111111,26.66666667,15.55555556,50,0.6,,,,
12/14/2018 22:54:49,Chicago,Chicago,Fahrenheit,40,80,70,40,80,70,4.444444444,26.66666667,21.11111111,40,0.75,,,,
12/14/2018 22:55:16,NY,NY,Fahrenheit,25,60,40,25,60,40,-3.888888889,15.55555556,4.444444444,35,0.4285714286,,,,
12/14/2018 22:55:33,St. Louis,Philadelphia,Fahrenheit,45,85,67,45,85,67,7.222222222,29.44444444,19.44444444,40,0.55,,,,
12/14/2018 22:56:25,Norway østafjells,Norway trøndelag,Celsius,-20,25,22,-4,77,71.6,-20,25,22,81,0.9333333333,,,,
12/14/2018 22:57:19,Czech Republic,Czech Republic,Celsius,-5,30,25,23,86,77,-5,30,25,63,0.8571428571,,,,
12/14/2018 22:58:09,North Carolina ,North Carolina ,Fahrenheit,55,76,68,55,76,68,12.77777778,24.44444444,20,21,0.619047619,,,,
12/14/2018 22:58:17,UK,UK,Celsius,18,30,24,64.4,86,75.2,18,30,24,21.6,0.5,,,,
12/14/2018 22:58:23,UK,UK,Celsius,18,30,24,64.4,86,75.2,18,30,24,21.6,0.5,,,,
12/14/2018 22:58:38,"Melbourne, Australia ","Melbourne, Australia ",Celsius,15,32,27,59,89.6,80.6,15,32,27,30.6,0.7058823529,,,,
12/14/2018 22:58:42,California,England,Celsius,8,18,14,46.4,64.4,57.2,8,18,14,18,0.6,,,,
12/14/2018 22:58:44,Chicago/Pittsburgh/Baltimore,Chicago,Fahrenheit,70,83,75,70,83,75,21.11111111,28.33333333,23.88888889,13,0.3846153846,,,,
12/14/2018 22:58:58,New York City ,New York city,Fahrenheit,30,65,45,30,65,45,-1.111111111,18.33333333,7.222222222,35,0.4285714286,,,,
12/14/2018 22:59:26,England,England,Celsius,10,36,30,50,96.8,86,10,36,30,46.8,0.7692307692,,,,
12/14/2018 23:00:05,"South Georgia, United States",South Georgia,Fahrenheit,40,95,70,40,95,70,4.444444444,35,21.11111111,55,0.5454545455,,,,
12/14/2018 23:00:09,"Queensland, Australia","Queensland, Australia ",Celsius,20,34,26,68,93.2,78.8,20,34,26,25.2,0.4285714286,,,,
12/14/2018 23:00:09,Minnesota,Minnesota ,Fahrenheit,20,90,60,20,90,60,-6.666666667,32.22222222,15.55555556,70,0.5714285714,,,,
12/14/2018 23:00:15,Northern Virginia ,Northern Virginia,Fahrenheit,60,90,80,60,90,80,15.55555556,32.22222222,26.66666667,30,0.6666666667,,,,
12/14/2018 23:00:32,Italy,Italy,Celsius,10,30,25,50,86,77,10,30,25,36,0.75,,,,
12/14/2018 23:00:53,Australia,Australia,Celsius,-5,18,12,23,64.4,53.6,-5,18,12,41.4,0.7391304348,,,,
12/14/2018 23:01:52,Southern California,Northern Oregon,Fahrenheit,45,75,68,45,75,68,7.222222222,23.88888889,20,30,0.7666666667,,,,
12/14/2018 23:02:19,Australia (Queensland),Australia (Canberra),Celsius,18,28,24,64.4,82.4,75.2,18,28,24,18,0.6,,,,
12/14/2018 23:02:20,southeast Mississippi,north Alabama,Fahrenheit,30,100,65,30,100,65,-1.111111111,37.77777778,18.33333333,70,0.5,,,,
12/14/2018 23:02:20,Winnipeg Canada,Winnipeg Canada,Celsius,-10,35,28,14,95,82.4,-10,35,28,81,0.8444444444,,,,
12/14/2018 23:05:03,Michigan,Chicago,Fahrenheit,20,85,65,20,85,65,-6.666666667,29.44444444,18.33333333,65,0.6923076923,,,,
12/14/2018 23:05:06,"Cincinnati, Ohio","Salem, Oregon",Fahrenheit,60,85,70,60,85,70,15.55555556,29.44444444,21.11111111,25,0.4,,,,
12/14/2018 23:05:44,"Northern Maine, US","Northern Maine, US",Fahrenheit,15,80,65,15,80,65,-9.444444444,26.66666667,18.33333333,65,0.7692307692,,,,
12/14/2018 23:05:56,"Billings, MT, USA","Billings, MT, USA",Fahrenheit,40,75,65,40,75,65,4.444444444,23.88888889,18.33333333,35,0.7142857143,,,,
12/14/2018 23:05:56,"Norrland, Sweden","Scania, Sweden",Celsius,-30,30,-5,-22,86,23,-30,30,-5,108,0.4166666667,,,,
12/14/2018 23:06:09,Florida,Florida,Fahrenheit,70,90,82,70,90,82,21.11111111,32.22222222,27.77777778,20,0.6,,,,
12/14/2018 23:06:35,NL,NL,Celsius,20,32,26,68,89.6,78.8,20,32,26,21.6,0.5,,,,
12/14/2018 23:07:31,Netherlands ,Netherlands ,Celsius,5,30,25,41,86,77,5,30,25,45,0.8,,,,
12/14/2018 23:08:21,Nova Scotia,Vancouver,Celsius,5,28,18,41,82.4,64.4,5,28,18,41.4,0.5652173913,,,,
12/14/2018 23:08:22,North of France ,North of France,Celsius,5,28,22,41,82.4,71.6,5,28,22,41.4,0.7391304348,,,,
12/14/2018 23:08:58,"Barcelona, Spain","Barcelona, Spain",Celsius,8,21,14,46.4,69.8,57.2,8,21,14,23.4,0.4615384615,,,,
12/14/2018 23:09:02,Phoenix ,Phoenix,Fahrenheit,60,103,928101010102837391739273619,60,103,928101010102837391739273619,15.55555556,39.44444444,5.15612E+26,43,2.15837E+25,,giant number,,
12/14/2018 23:09:35,Connecticut,Connecticut,Fahrenheit,40,80,60,40,80,60,4.444444444,26.66666667,15.55555556,40,0.5,,,,
12/14/2018 23:09:55,"Houston, TX, USA","College Station,TX, USA",Fahrenheit,45,76,54,45,76,54,7.222222222,24.44444444,12.22222222,31,0.2903225806,,,,
12/14/2018 23:10:16,Texas,Texas,Fahrenheit,20,85,50,20,85,50,-6.666666667,29.44444444,10,65,0.4615384615,,,,
12/14/2018 23:10:53,Southern California,Southern California ,Fahrenheit,60,75,70,60,75,70,15.55555556,23.88888889,21.11111111,15,0.6666666667,,,,
12/14/2018 23:11:05,US (Louisiana),Norway (Trondheim),Celsius,12,28,20,53.6,82.4,68,12,28,20,28.8,0.5,,,,
12/14/2018 23:11:07,"Long Island, NY",Greater Boston Area,Fahrenheit,40,85,60,40,85,60,4.444444444,29.44444444,15.55555556,45,0.4444444444,,,,
12/14/2018 23:13:22,Texas,Texas,Fahrenheit,55,85,65,55,85,65,12.77777778,29.44444444,18.33333333,30,0.3333333333,,,,
12/14/2018 23:13:26,Canada,"Calgary, Alberta",Celsius,0,27,20,32,80.6,68,0,27,20,48.6,0.7407407407,,,,
12/14/2018 23:14:24,NY,NYC,Fahrenheit,30,80,65,30,80,65,-1.111111111,26.66666667,18.33333333,50,0.7,,,,
12/14/2018 23:15:30,Chicago,Chicago,Fahrenheit,45,75,65,45,75,65,7.222222222,23.88888889,18.33333333,30,0.6666666667,,,,
12/14/2018 23:15:48,Texas,Texas,Fahrenheit,15,105,30,15,105,30,-9.444444444,40.55555556,-1.111111111,90,0.1666666667,,,,
12/14/2018 23:16:50,UK,UK,Celsius,-5,25,15,23,77,59,-5,25,15,54,0.6666666667,,,,
12/14/2018 23:17:32,Michigan,Michigan,Fahrenheit,30,70,65,30,70,65,-1.111111111,21.11111111,18.33333333,40,0.875,,,,
12/14/2018 23:18:21,"San Francisco, CA","San Francisco, CA",Fahrenheit,32,85,67,32,85,67,0,29.44444444,19.44444444,53,0.6603773585,,,,
12/14/2018 23:18:34,Arizona,Arizona,Fahrenheit,60,105,85,60,105,85,15.55555556,40.55555556,29.44444444,45,0.5555555556,,,,
12/14/2018 23:18:36,Romania,Romania,Celsius,18,25,23,64.4,77,73.4,18,25,23,12.6,0.7142857143,,,,
12/14/2018 23:20:08,"Ruukki, Finland","Oulu, Finland",Celsius,-25,+23,+17,-13,73.4,62.6,-25,23,17,86.4,0.875,,,,
12/14/2018 23:20:57,"California, US","Washington, US",Fahrenheit,20,82,65,20,82,65,-6.666666667,27.77777778,18.33333333,62,0.7258064516,,,,
12/14/2018 23:21:21,"Tucson, Arizona","Panama City Beach, Florida",Fahrenheit,70,90,80,70,90,80,21.11111111,32.22222222,26.66666667,20,0.5,,,,
12/14/2018 23:21:29,"Sacramento, California","Redding, California",Fahrenheit,55,100,75,55,100,75,12.77777778,37.77777778,23.88888889,45,0.4444444444,,,,
12/14/2018 23:22:30,Montreal,Montreal,Celsius,-25,25,23,-13,77,73.4,-25,25,23,90,0.96,,,,
12/14/2018 23:22:32,Australia ,Australia ,Celsius,15,35,25,59,95,77,15,35,25,36,0.5,,,,
12/14/2018 23:22:53,Southern California,San Francisco,Fahrenheit,60,85,70,60,85,70,15.55555556,29.44444444,21.11111111,25,0.4,,,,
12/14/2018 23:24:31,Ireland,Ireland,Celsius,-5,30,19,23,86,66.2,-5,30,19,63,0.6857142857,,,,
12/14/2018 23:24:46,"Christchurch, New Zealand","Dunedin, New Zealand",Celsius,13,22,19,55.4,71.6,66.2,13,22,19,16.2,0.6666666667,,,,
12/14/2018 23:26:14,New Jersey,New Jersey,Fahrenheit,40,70,60,40,70,60,4.444444444,21.11111111,15.55555556,30,0.6666666667,,,,
12/14/2018 23:26:27,West Virginia,West Virginia,Fahrenheit,40,75,50,40,75,50,4.444444444,23.88888889,10,35,0.2857142857,,,,
12/14/2018 23:26:29,Switzerland ,England ,Celsius,0,22,21,32,71.6,69.8,0,22,21,39.6,0.9545454545,,,,
12/14/2018 23:28:02,Illinois,Illinois,Fahrenheit,25,80,60,25,80,60,-3.888888889,26.66666667,15.55555556,55,0.6363636364,,,,
12/14/2018 23:28:51,"Tacoma, Washington, USA","Olympia, Washington, USA",Celsius,9,26,19,48.2,78.8,66.2,9,26,19,30.6,0.5882352941,,,,
12/14/2018 23:30:11,Pennsylvania,Pennsylvania ,Fahrenheit,45,85,75,45,85,75,7.222222222,29.44444444,23.88888889,40,0.75,,,,
12/14/2018 23:30:30,"Corvallis, Oregon","Eugene, Oregon",Fahrenheit,60,80,74,60,80,74,15.55555556,26.66666667,23.33333333,20,0.7,,,,
12/14/2018 23:30:45,"toronto, canada","toronto, canada",Celsius,-25,35,20,-13,95,68,-25,35,20,108,0.75,,,,
12/14/2018 23:31:34,"Miami, FL","Asheville, North Carolina",Celsius,-5,21,4,23,69.8,39.2,-5,21,4,46.8,0.3461538462,,,,
12/14/2018 23:31:45,"Milwaukee, Wisconsin","Milwaukee, Wisconsin",Fahrenheit,0,100,20,0,100,20,-17.77777778,37.77777778,-6.666666667,100,0.2,,,,
12/14/2018 23:32:24,"Santiago, Chile","Viña del Mar, Chile",Celsius,-5,28,15,23,82.4,59,-5,28,15,59.4,0.6060606061,,,,
12/14/2018 23:33:07,Portugal,Portugal,Celsius,5,35,25,41,95,77,5,35,25,54,0.6666666667,,,,
12/14/2018 23:33:19,Ontario,Ontario,Celsius,10,25,20,50,77,68,10,25,20,27,0.6666666667,,,,
12/14/2018 23:33:39,Pacific Northwest ,Pacific Northwest ,Fahrenheit,50,85,70,50,85,70,10,29.44444444,21.11111111,35,0.5714285714,,,,
12/14/2018 23:33:57,Ontario,Ontario,Celsius,10,25,20,50,77,68,10,25,20,27,0.6666666667,,,,
12/14/2018 23:34:55,Toronto Canada,Toronto Canada,Celsius,-35,15,-10,-31,59,14,-35,15,-10,90,0.5,,,,
12/14/2018 23:35:42,Cyprus,London,Celsius,5,22,13,41,71.6,55.4,5,22,13,30.6,0.4705882353,,,,
12/14/2018 23:36:56,Netherlands,Netherlands,Celsius,15,25,18,59,77,64.4,15,25,18,18,0.3,,,,
12/14/2018 23:37:36,Sweden,Sweden - North,Celsius,-25,30,-3,-13,86,26.6,-25,30,-3,99,0.4,,,,
12/14/2018 23:38:30,"Virginia, United States","Arizona, United States",Fahrenheit,75,82,78,75,82,78,23.88888889,27.77777778,25.55555556,7,0.4285714286,,,,
12/14/2018 23:38:30,Finland,Finland,Celsius,-25,25,18,-13,77,64.4,-25,25,18,90,0.86,,,,
12/14/2018 23:38:37,"Vienna, Austria","Vienna, Austria",Celsius,0,30,18,32,86,64.4,0,30,18,54,0.6,,,,
12/14/2018 23:38:48,USA,Same,Fahrenheit,45,95,70,45,95,70,7.222222222,35,21.11111111,50,0.5,,,,
12/14/2018 23:39:55,North Carolina,Louisiana,Fahrenheit,60,80,70,60,80,70,15.55555556,26.66666667,21.11111111,20,0.5,,,,
12/14/2018 23:41:26,Ohio,North Carolina,Fahrenheit,15,85,65,15,85,65,-9.444444444,29.44444444,18.33333333,70,0.7142857143,,,,
12/14/2018 23:41:43,Nashville ,Las Vegas ,Fahrenheit,65,100,80,65,100,80,18.33333333,37.77777778,26.66666667,35,0.4285714286,,,,
12/14/2018 23:42:24,midwest,midwest,Fahrenheit,32,80,60,32,80,60,0,26.66666667,15.55555556,48,0.5833333333,,,,
12/14/2018 23:42:26,Poland,Poland,Celsius,-10,20,10,14,68,50,-10,20,10,54,0.6666666667,,,,
12/14/2018 23:43:02,Portugal,"Toronto, Canada",Celsius,-25,35,18,-13,95,64.4,-25,35,18,108,0.7166666667,,,,
12/14/2018 23:45:10,Rhode Island,Ohio,Fahrenheit,45,75,65,45,75,65,7.222222222,23.88888889,18.33333333,30,0.6666666667,,,,
12/14/2018 23:46:55,Colorado/metro demver," Colorado, western slope",Fahrenheit,32,90,70,32,90,70,0,32.22222222,21.11111111,58,0.6551724138,,,,
12/14/2018 23:49:03,new york state ,new york state,Fahrenheit,-10,63,40,-10,63,40,-23.33333333,17.22222222,4.444444444,73,0.6849315068,,,,
12/14/2018 23:49:27,Northern California,Middle California,Fahrenheit,50,65,55,50,65,55,10,18.33333333,12.77777778,15,0.3333333333,,,,
12/14/2018 23:50:48,san diego,san diego,Fahrenheit,60,85,60,60,85,60,15.55555556,29.44444444,15.55555556,25,0,,,,
12/14/2018 23:51:11,Finland,Finland,Celsius,-20,30,12,-4,86,53.6,-20,30,12,90,0.64,,,,
12/14/2018 23:51:31,Central Texas,Central Texas,Fahrenheit,40,78,73,40,78,73,4.444444444,25.55555556,22.77777778,38,0.8684210526,,,,
12/14/2018 23:52:30,Montana,Colorado,Fahrenheit,50,90,70,50,90,70,10,32.22222222,21.11111111,40,0.5,,,,
12/14/2018 23:52:44,Midwest,nyc,Fahrenheit,20,85,65,20,85,65,-6.666666667,29.44444444,18.33333333,65,0.6923076923,,,,
12/14/2018 23:53:52,North Carolina,North Carolina,Fahrenheit,40,75,60,40,75,60,4.444444444,23.88888889,15.55555556,35,0.5714285714,,,,
12/14/2018 23:53:57,Iowa,Iowa,Fahrenheit,30,90,75,30,90,75,-1.111111111,32.22222222,23.88888889,60,0.75,,,,
12/14/2018 23:54:20,NC USA,NC USA,Fahrenheit,40,80,70,40,80,70,4.444444444,26.66666667,21.11111111,40,0.75,,,,
12/14/2018 23:54:24,Finland,Finland,Celsius,-10,25,20,14,77,68,-10,25,20,63,0.8571428571,,,,
12/14/2018 23:54:40,oregon,Oregon,Fahrenheit,40,75,65,40,75,65,4.444444444,23.88888889,18.33333333,35,0.7142857143,,,,
12/14/2018 23:54:41,Southern California,North Carolina,Fahrenheit,50,90,76,50,90,76,10,32.22222222,24.44444444,40,0.65,,,,
12/14/2018 23:54:51,US- NJ,NJ,Fahrenheit,40,85,70,40,85,70,4.444444444,29.44444444,21.11111111,45,0.6666666667,,,,
12/14/2018 23:56:44,Switzerland,Switzerland,Celsius,0,35,25,32,95,77,0,35,25,63,0.7142857143,,,,
12/14/2018 23:58:17,Canada ,Canada,Celsius,-10,30,25,14,86,77,-10,30,25,72,0.875,,,,
12/14/2018 23:58:20,Israel ,Israel ,Celsius,10,30,18,50,86,64.4,10,30,18,36,0.4,,,,
12/14/2018 23:59:16,South Carolina ,Colorado,Fahrenheit,40,80,72,40,80,72,4.444444444,26.66666667,22.22222222,40,0.8,,,,
12/15/2018 0:00:14,Michigan,Virginia,Fahrenheit,45,85,75,45,85,75,7.222222222,29.44444444,23.88888889,40,0.75,,,,
12/15/2018 0:01:15,Virginia,Virginia,Fahrenheit,60,90,65,60,90,65,15.55555556,32.22222222,18.33333333,30,0.1666666667,,,,
12/15/2018 0:01:42,"San Antonio, Texas","Austin, Texas",Fahrenheit,50,80,70,50,80,70,10,26.66666667,21.11111111,30,0.6666666667,,,,
12/15/2018 0:02:25,Germany,Germany,Celsius,-20,38,30,-4,100.4,86,-20,38,30,104.4,0.8620689655,,,,
12/15/2018 0:03:07,Rochester NY USA,Buffalo NY USA,Fahrenheit,40,95,78,40,95,78,4.444444444,35,25.55555556,55,0.6909090909,,,,
12/15/2018 0:03:41,American Midwest,American Midwest,Fahrenheit,55,95,75,55,95,75,12.77777778,35,23.88888889,40,0.5,,,,
12/15/2018 0:05:05,Central texas,North texas,Fahrenheit,50,75,55,50,75,55,10,23.88888889,12.77777778,25,0.2,,,,
12/15/2018 0:05:25,Norway,Norway,Celsius,5,20,15,41,68,59,5,20,15,27,0.6666666667,,,,
12/15/2018 0:05:53,kentucky,kentucky,Fahrenheit,67,75,70,67,75,70,19.44444444,23.88888889,21.11111111,8,0.375,,,,
12/15/2018 0:06:35,Russia,England,Celsius,3,20,12,37.4,68,53.6,3,20,12,30.6,0.5294117647,,,,
12/15/2018 0:06:42,Israel,Connecticut ,Celsius,20,30,25,68,86,77,20,30,25,18,0.5,,,,
12/15/2018 0:06:47,Chicago,Chicago,Fahrenheit,-10,85,70,-10,85,70,-23.33333333,29.44444444,21.11111111,95,0.8421052632,,,,
12/15/2018 0:07:02,"Monterey, California","Monterey, California",Fahrenheit,65,75,71,65,75,71,18.33333333,23.88888889,21.66666667,10,0.6,,,,
12/15/2018 0:08:43,"Greater Philadelphia Area, PA, USA","Rhode Island, USA",Fahrenheit,35,70,60,35,70,60,1.666666667,21.11111111,15.55555556,35,0.7142857143,,,,
12/15/2018 0:09:32,New Zealand (North Island),The same place,Celsius,12,28,24,53.6,82.4,75.2,12,28,24,28.8,0.75,,,,
12/15/2018 0:10:02,"florida, usa","florida, usa",Fahrenheit,63,85,73,63,85,73,17.22222222,29.44444444,22.77777778,22,0.4545454545,,,,
12/15/2018 0:10:53,Maryland,Ohio,Fahrenheit,25,80,65,25,80,65,-3.888888889,26.66666667,18.33333333,55,0.7272727273,,,,
12/15/2018 0:10:53,Maryland,Florida,Fahrenheit,66,82,74,66,82,74,18.88888889,27.77777778,23.33333333,16,0.5,,,,
12/15/2018 0:11:09,Missouri,Missouri,Fahrenheit,15,85,30,15,85,30,-9.444444444,29.44444444,-1.111111111,70,0.2142857143,,,,
12/15/2018 0:11:12,Greece,Greece,Celsius,17,24,20,62.6,75.2,68,17,24,20,12.6,0.4285714286,,,,
12/15/2018 0:11:14,St Louis,Chicago,Fahrenheit,40,75,55,40,75,55,4.444444444,23.88888889,12.77777778,35,0.4285714286,,,,
12/15/2018 0:11:56,Florida ,Florida ,Fahrenheit,60,88,74,60,88,74,15.55555556,31.11111111,23.33333333,28,0.5,,,,
12/15/2018 0:13:12,Denmark,Denmark,Celsius,8,25,20,46.4,77,68,8,25,20,30.6,0.7058823529,,,,
12/15/2018 0:13:55,United Kingdom,United Kingdom,Celsius,5,15,10,41,59,50,5,15,10,18,0.5,,,,
12/15/2018 0:13:58,"Saint Louis, Missouri, USA","Saint Louis, Missouri, USA",Fahrenheit,60,95,76,60,95,76,15.55555556,35,24.44444444,35,0.4571428571,,,,
12/15/2018 0:14:13,New England,Western New York,Fahrenheit,45,85,65,45,85,65,7.222222222,29.44444444,18.33333333,40,0.5,,,,
12/15/2018 0:14:51,Southern California,Southern California,Fahrenheit,60,80,73,60,80,73,15.55555556,26.66666667,22.77777778,20,0.65,,,,
12/15/2018 0:15:34,Minnesota,San Diego,Fahrenheit,+15,+85,75,+15,+85,75,-9.444444444,29.44444444,23.88888889,70,0.8571428571,,,,
12/15/2018 0:16:13,Florida,Florida,Fahrenheit,65,80,72,65,80,72,18.33333333,26.66666667,22.22222222,15,0.4666666667,,,,
12/15/2018 0:16:50,Germany ,Germany ,Celsius,-5,27,18,23,80.6,64.4,-5,27,18,57.6,0.71875,,,,
12/15/2018 0:18:00,Central California,Northern Kentucky,Fahrenheit,40,80,55,40,80,55,4.444444444,26.66666667,12.77777778,40,0.375,,,,
12/15/2018 0:18:14,"Ocala, Florida","Clearwater, Florida",Fahrenheit,55,85,65,55,85,65,12.77777778,29.44444444,18.33333333,30,0.3333333333,,,,
12/15/2018 0:18:20,"Alberta, Canada","Georgia, USA",Fahrenheit,40,80,65,40,80,65,4.444444444,26.66666667,18.33333333,40,0.625,,,,
12/15/2018 0:18:22,"Perth, Western Australia","Perth, Western Australia",Celsius,15,35,28,59,95,82.4,15,35,28,36,0.65,,,,
12/15/2018 0:18:42,"Boston suburbs, Massachusetts ","San Francisco bay area, California",Fahrenheit,55,90,70,55,90,70,12.77777778,32.22222222,21.11111111,35,0.4285714286,,,,
12/15/2018 0:21:10,New York,Michigan ,Fahrenheit,50,82,72,50,82,72,10,27.77777778,22.22222222,32,0.6875,,,,
12/15/2018 0:21:36,"Georgia, USA","Georgia, USA",Fahrenheit,60,80,72,60,80,72,15.55555556,26.66666667,22.22222222,20,0.6,,,,
12/15/2018 0:22:40,"New Brunswick, Canada","Ontario, Canada",Celsius,-20,30,18,-4,86,64.4,-20,30,18,90,0.76,,,,
12/15/2018 0:22:53,"Alberta, Canada","Alberta, Canada",Celsius,5,30,24,41,86,75.2,5,30,24,45,0.76,,,,
12/15/2018 0:22:57,Near Atlanta,Near Atlanta,Fahrenheit,40,78,62,40,78,62,4.444444444,25.55555556,16.66666667,38,0.5789473684,,,,
12/15/2018 0:24:51,United Kingdom,United Kingdom,Celsius,5,32,24,41,89.6,75.2,5,32,24,48.6,0.7037037037,,,,
12/15/2018 0:25:19,CA,CA,Fahrenheit,0,80,60,0,80,60,-17.77777778,26.66666667,15.55555556,80,0.75,,,,
12/15/2018 0:27:37,Atlanta GA,Atlanta GA,Fahrenheit,50,100,75,50,100,75,10,37.77777778,23.88888889,50,0.5,,,,
12/15/2018 0:29:38,"St. Louis, MO","Marine, IL",Fahrenheit,40,85,70,40,85,70,4.444444444,29.44444444,21.11111111,45,0.6666666667,,,,
12/15/2018 0:31:29,Florida ,Delaware ,Fahrenheit,20,74,70,20,74,70,-6.666666667,23.33333333,21.11111111,54,0.9259259259,,,,
12/15/2018 0:32:01,UK,UK,Celsius,8,22,18,46.4,71.6,64.4,8,22,18,25.2,0.7142857143,,,,
12/15/2018 0:32:32,England,England,Celsius,5,30,25,41,86,77,5,30,25,45,0.8,,,,
12/15/2018 0:32:46,Chicago,Boston,Fahrenheit,35,85,74,35,85,74,1.666666667,29.44444444,23.33333333,50,0.78,,,,
12/15/2018 0:33:09,The Netherlands,The Netherlands,Celsius,10,40,24,50,104,75.2,10,40,24,54,0.4666666667,,,,
12/15/2018 0:33:59,Philippines,Philippines,Celsius,20,30,23,68,86,73.4,20,30,23,18,0.3,,,,
12/15/2018 0:34:36,Tennessee ,Oregon ,Fahrenheit,60,85,75,60,85,75,15.55555556,29.44444444,23.88888889,25,0.6,,,,
12/15/2018 0:37:11,Southern California,Southern California,Fahrenheit,50,100,70,50,100,70,10,37.77777778,21.11111111,50,0.4,,,,
12/15/2018 0:38:18,Texas,Washington,Fahrenheit,40,70,55,40,70,55,4.444444444,21.11111111,12.77777778,30,0.5,,,,
12/15/2018 0:39:04,California ,Maryland ,Fahrenheit,45,108,90,45,108,90,7.222222222,42.22222222,32.22222222,63,0.7142857143,,,,
12/15/2018 0:39:19,Britain,Britain ,Celsius,5,25,20,41,77,68,5,25,20,36,0.75,,,,
12/15/2018 0:40:55,southern california,southern california,Fahrenheit,60,75,50,60,75,50,15.55555556,23.88888889,10,15,-0.6666666667,,,,
12/15/2018 0:41:42,Miami,Miami,Fahrenheit,60,90,70,60,90,70,15.55555556,32.22222222,21.11111111,30,0.3333333333,,,,
12/15/2018 0:42:49,Slovakia,Slovakia,Celsius,8,32,28,46.4,89.6,82.4,8,32,28,43.2,0.8333333333,,,,
12/15/2018 0:43:26,"Maine, USA",Maine USA,Fahrenheit,-40,95,82,-40,95,82,-40,35,27.77777778,135,0.9037037037,,,,
12/15/2018 0:43:49,Missouri,Missouri,Fahrenheit,45,80,65,45,80,65,7.222222222,26.66666667,18.33333333,35,0.5714285714,,,,
12/15/2018 0:43:54,Scotland,Scotland,Celsius,0,30,20,32,86,68,0,30,20,54,0.6666666667,,,,
12/15/2018 0:46:17,"Phoenix, Arizona USofA","Phoenix, Arizona USofA",Fahrenheit,50,100,75,50,100,75,10,37.77777778,23.88888889,50,0.5,,,,
12/15/2018 0:47:47,Australia,Australia,Celsius,19,27,24,66.2,80.6,75.2,19,27,24,14.4,0.625,,,,
12/15/2018 0:49:27,Australia,Australia,Celsius,5,23,15,41,73.4,59,5,23,15,32.4,0.5555555556,,,,
12/15/2018 0:49:30,"Houston, TX","Cincinnati, OH",Fahrenheit,50,75,65,50,75,65,10,23.88888889,18.33333333,25,0.6,,,,
12/15/2018 0:50:19,Georgia USA,Atlanta Georgia USA,Fahrenheit,50,90,75,50,90,75,10,32.22222222,23.88888889,40,0.625,,,,
12/15/2018 0:50:22,Georgia USA,Atlanta Georgia USA,Fahrenheit,50,90,75,50,90,75,10,32.22222222,23.88888889,40,0.625,,,,
12/15/2018 0:53:21,"Miami, FL","Atlanta, GA",Fahrenheit,20,85,65,20,85,65,-6.666666667,29.44444444,18.33333333,65,0.6923076923,,,,
12/15/2018 0:53:31,"Montreal, Canada","Ottawa, Canada",Celsius,-5,25,20,23,77,68,-5,25,20,54,0.8333333333,,,,
12/15/2018 0:54:51,Chicago,Chicago,Fahrenheit,15,80,35,15,80,35,-9.444444444,26.66666667,1.666666667,65,0.3076923077,,,,
12/15/2018 0:54:54,Alberta ,Alberta,Celsius,-20,24,16,-4,75.2,60.8,-20,24,16,79.2,0.8181818182,,,,
12/15/2018 0:55:17,Oregon,Oregon,Fahrenheit,52,72,64,52,72,64,11.11111111,22.22222222,17.77777778,20,0.6,,,,
12/15/2018 0:55:29,"Orange County, CA ","Mammoth lakes, CA ",Fahrenheit,20,85,70,20,85,70,-6.666666667,29.44444444,21.11111111,65,0.7692307692,,,,
12/15/2018 0:56:06,Missouri ,Missouri ,Fahrenheit,47,70,65,47,70,65,8.333333333,21.11111111,18.33333333,23,0.7826086957,,,,
12/15/2018 0:58:18,United States,United States,Fahrenheit,25,85,65,25,85,65,-3.888888889,29.44444444,18.33333333,60,0.6666666667,,,,
12/15/2018 1:01:14,Canada,Canada,Celsius,-5,34,16,23,93.2,60.8,-5,34,16,70.2,0.5384615385,,,,
12/15/2018 1:04:06,Ohio,North Carolina,Fahrenheit,50,85,72,50,85,72,10,29.44444444,22.22222222,35,0.6285714286,,,,
12/15/2018 1:04:35,Germany,Germany,Celsius,15,25,20,59,77,68,15,25,20,18,0.5,,,,
12/15/2018 1:04:49,"Pittsburgh, USA","Pittsburgh, USA",Fahrenheit,50,95,80,50,95,80,10,35,26.66666667,45,0.6666666667,,,,
12/15/2018 1:05:57,Lebanon,Germany,Celsius,0,30,25,32,86,77,0,30,25,54,0.8333333333,,,,
12/15/2018 1:06:09,Australia ,Australia ,Celsius,15,28,25,59,82.4,77,15,28,25,23.4,0.7692307692,,,,
12/15/2018 1:06:35,"Atlanta, Georgia ","Tampa, Florida",Fahrenheit,68,95,77,68,95,77,20,35,25,27,0.3333333333,,,,
12/15/2018 1:07:44,South East England,South East England,Celsius,-4,16,14,24.8,60.8,57.2,-4,16,14,36,0.9,,,,
12/15/2018 1:07:44,"Brisbane, Australia ","Gold Coast, Australia ",Celsius,10,25,20,50,77,68,10,25,20,27,0.6666666667,,,,
12/15/2018 1:07:46,Nigeria,England,Celsius,20,35,30,68,95,86,20,35,30,27,0.6666666667,,,,
12/15/2018 1:07:52,Scotland ,Scotland ,Celsius,-5,19,16,23,66.2,60.8,-5,19,16,43.2,0.875,,,,
12/15/2018 1:08:38,Virginia,Virginia,Fahrenheit,8,82,38,8,82,38,-13.33333333,27.77777778,3.333333333,74,0.4054054054,,,,
12/15/2018 1:09:31,Texas ,Texas ,Fahrenheit,65,85,72,65,85,72,18.33333333,29.44444444,22.22222222,20,0.35,,,,
12/15/2018 1:09:45,Southeast Alaska,Southeast Alaska,Fahrenheit,38,85,72,38,85,72,3.333333333,29.44444444,22.22222222,47,0.7234042553,,,,
12/15/2018 1:10:01,Brazil,Brazil,Celsius,6,20,14,42.8,68,57.2,6,20,14,25.2,0.5714285714,,,,
12/15/2018 1:10:45,Atlanta GA,Atlanta GA,Fahrenheit,20,75,45,20,75,45,-6.666666667,23.88888889,7.222222222,55,0.4545454545,,,,
12/15/2018 1:11:49,New Jersey ,New Jersey ,Fahrenheit,50,75,65,50,75,65,10,23.88888889,18.33333333,25,0.6,,,,
12/15/2018 1:12:31,New Jersey,Pittsburgh,Fahrenheit,-10,105,65,-10,105,65,-23.33333333,40.55555556,18.33333333,115,0.652173913,,,,
12/15/2018 1:13:58,New Jersey,New Jersey,Fahrenheit,0,90,60,0,90,60,-17.77777778,32.22222222,15.55555556,90,0.6666666667,,,,
12/15/2018 1:15:07,Upstate NY,Upstate Ny,Fahrenheit,55,85,65,55,85,65,12.77777778,29.44444444,18.33333333,30,0.3333333333,,,,
12/15/2018 1:15:20,Scotland,Scotland,Celsius,7,19,15,44.6,66.2,59,7,19,15,21.6,0.6666666667,,,,
12/15/2018 1:15:40,Minnesota,Ohio,Fahrenheit,40,80,60,40,80,60,4.444444444,26.66666667,15.55555556,40,0.5,,,,
12/15/2018 1:17:06,SE Alaska,Vancouver BC,Celsius,5,25,20,41,77,68,5,25,20,36,0.75,,,,
12/15/2018 1:17:28,The Netherlands,The Netherlands,Celsius,-10,25,0,14,77,32,-10,25,0,63,0.2857142857,,,,
12/15/2018 1:17:37,Germany,Costa rica,Celsius,10,30,20,50,86,68,10,30,20,36,0.5,,,,
12/15/2018 1:17:55,Germany,Germany,Celsius,10,30,20,50,86,68,10,30,20,36,0.5,,,,
12/15/2018 1:19:02,Australia ,Australia ,Celsius,13,35,20,55.4,95,68,13,35,20,39.6,0.3181818182,,,,
12/15/2018 1:20:33,UK,UK,Celsius,16,23,19,60.8,73.4,66.2,16,23,19,12.6,0.4285714286,,,,
12/15/2018 1:21:07,Russia,Russia,Celsius,-5,+25,+20,23,77,68,-5,25,20,54,0.8333333333,,,,
12/15/2018 1:22:56,Virginia,Delaware ,Fahrenheit,50,105,80,50,105,80,10,40.55555556,26.66666667,55,0.5454545455,,,,
12/15/2018 1:23:05,Connecticut ,Connecticut,Fahrenheit,45,95,75,45,95,75,7.222222222,35,23.88888889,50,0.6,,,,
12/15/2018 1:24:14,ohio,ohio,Fahrenheit,33,95,72,33,95,72,0.5555555556,35,22.22222222,62,0.6290322581,,,,
12/15/2018 1:24:14,Canada,Canada,Celsius,-10,35,21,14,95,69.8,-10,35,21,81,0.6888888889,,,,
12/15/2018 1:25:55,Arizona ,Massachusetts ,Fahrenheit,65,78,72,65,78,72,18.33333333,25.55555556,22.22222222,13,0.5384615385,,,,
12/15/2018 1:26:05,Australia ,Australia ,Celsius,15,35,25,59,95,77,15,35,25,36,0.5,,,,
12/15/2018 1:27:51,"Guayaquil, Ecuador ","Guayaquil, Ecuador ",Celsius,10,30,22,50,86,71.6,10,30,22,36,0.6,,,,
12/15/2018 1:28:02,"Missouri, USA","Kentucky, USA",Fahrenheit,15,90,70,15,90,70,-9.444444444,32.22222222,21.11111111,75,0.7333333333,,,,
12/15/2018 1:29:05,PS,PA,Fahrenheit,25,85,75,25,85,75,-3.888888889,29.44444444,23.88888889,60,0.8333333333,,,,
12/15/2018 1:30:18,Ireland,Ireland,Celsius,5,18,15,41,64.4,59,5,18,15,23.4,0.7692307692,,,,
12/15/2018 1:30:43,"California, USA","Kentucky, USA",Fahrenheit,60,90,65,60,90,65,15.55555556,32.22222222,18.33333333,30,0.1666666667,,,,
12/15/2018 1:30:59,Uk,Uk,Celsius,15,35,27,59,95,80.6,15,35,27,36,0.6,,,,
12/15/2018 1:32:48,Vermont,New York,Fahrenheit,30,90,60,30,90,60,-1.111111111,32.22222222,15.55555556,60,0.5,,,,
12/15/2018 1:33:03,Florida ,New York City,Fahrenheit,30,80,73,30,80,73,-1.111111111,26.66666667,22.77777778,50,0.86,,,,
12/15/2018 1:33:26,"Birmingham, UK","Birmingham, UK",Celsius,10,23,16,50,73.4,60.8,10,23,16,23.4,0.4615384615,,,,
12/15/2018 1:33:27,San Diego,San Diego ,Fahrenheit,58,90,68,58,90,68,14.44444444,32.22222222,20,32,0.3125,,,,
12/15/2018 1:35:06,Seattle ,Seattle ,Fahrenheit,60,85,80,60,85,80,15.55555556,29.44444444,26.66666667,25,0.8,,,,
12/15/2018 1:37:31,"Ontario, Canada","Ontario, Canada",Celsius,-15,24,15,5,75.2,59,-15,24,15,70.2,0.7692307692,,,,
12/15/2018 1:37:54,Singapore,Singapore,Celsius,15,27,15,59,80.6,59,15,27,15,21.6,0,,,,
12/15/2018 1:38:54,PHILADELPHIA,Philadelphia,Fahrenheit,30,80,67,30,80,67,-1.111111111,26.66666667,19.44444444,50,0.74,,,,
12/15/2018 1:40:27,Uk,Uk,Celsius,14,27,24,57.2,80.6,75.2,14,27,24,23.4,0.7692307692,,,,
12/15/2018 1:40:58,Toronto,Toronto,Celsius,12,24,20,53.6,75.2,68,12,24,20,21.6,0.6666666667,,,,
12/15/2018 1:42:09,United States,United States,Fahrenheit,54,74,67,54,74,67,12.22222222,23.33333333,19.44444444,20,0.65,,,,
12/15/2018 1:42:24,Louisiana,Louisiana,Celsius,-5,25,12,23,77,53.6,-5,25,12,54,0.5666666667,,,,
12/15/2018 1:42:52,UK,UK,Celsius,12,22,20,53.6,71.6,68,12,22,20,18,0.8,,,,
12/15/2018 1:43:04,Western PA,Eastern PA ,Fahrenheit,32,86,68,32,86,68,0,30,20,54,0.6666666667,,,,
12/15/2018 1:44:30,Michigan,Philadelphia ,Fahrenheit,40,75,72,40,75,72,4.444444444,23.88888889,22.22222222,35,0.9142857143,,,,
12/15/2018 1:45:39,Southeast Missouri,Southern Arizona,Fahrenheit,15,70,58,15,70,58,-9.444444444,21.11111111,14.44444444,55,0.7818181818,,,,
12/15/2018 1:46:07,Missouri,Arizona,Fahrenheit,20,70,58,20,70,58,-6.666666667,21.11111111,14.44444444,50,0.76,,,,
12/15/2018 1:47:53,Norway,California,Fahrenheit,10,100,70,10,100,70,-12.22222222,37.77777778,21.11111111,90,0.6666666667,,,,
12/15/2018 1:47:56,Florida,North Carolina,Fahrenheit,35,95,76,35,95,76,1.666666667,35,24.44444444,60,0.6833333333,,,,
12/15/2018 1:50:24,"California, United States","California, United States ",Fahrenheit,35,105,75,35,105,75,1.666666667,40.55555556,23.88888889,70,0.5714285714,,,,
12/15/2018 1:50:27,Finland,Finland,Celsius,10,25,20,50,77,68,10,25,20,27,0.6666666667,,,,
12/15/2018 1:51:03,"Odessa,Texas, United States",Denton  Texas United states,Fahrenheit,60,100,75,60,100,75,15.55555556,37.77777778,23.88888889,40,0.375,,,,
12/15/2018 1:51:53,Military brat. Lived in multiple states along East coast USA starting with MD and all states after that South of MD,Georgia USA,Fahrenheit,35,84,77,35,84,77,1.666666667,28.88888889,25,49,0.8571428571,,,,
12/15/2018 1:52:01,"Austria, Europe",Austria,Celsius,5,25,17,41,77,62.6,5,25,17,36,0.6,,,,
12/15/2018 1:52:50,Southern California ,Southern California ,Fahrenheit,48,74,68,48,74,68,8.888888889,23.33333333,20,26,0.7692307692,,,,
12/15/2018 1:53:21,"Yellowknife, NWT, Canada","Yellowknife, NWT, Canada",Celsius,-30,+20,+17,-22,68,62.6,-30,20,17,90,0.94,,,,
12/15/2018 1:54:02,New York,New York,Fahrenheit,50,80,65,50,80,65,10,26.66666667,18.33333333,30,0.5,,,,
12/15/2018 1:55:36,California,Texas,Fahrenheit,50,80,70,50,80,70,10,26.66666667,21.11111111,30,0.6666666667,,,,
12/15/2018 1:56:24,Ohio,Oklahoma ,Fahrenheit,45,80,60,45,80,60,7.222222222,26.66666667,15.55555556,35,0.4285714286,,,,
12/15/2018 1:57:46,Australia,Australia,Celsius,5,15,15,41,59,59,5,15,15,18,1,,,,
12/15/2018 1:59:23,Baltimore,Baltimore,Fahrenheit,5,74,25,5,74,25,-15,23.33333333,-3.888888889,69,0.2898550725,,,,
12/15/2018 1:59:45,Mississippi,Mississippi,Fahrenheit,40,80,65,40,80,65,4.444444444,26.66666667,18.33333333,40,0.625,,,,
12/15/2018 2:00:23,Minnesota,Norway,Fahrenheit,30,75,65,30,75,65,-1.111111111,23.88888889,18.33333333,45,0.7777777778,,,,
12/15/2018 2:00:30,DC,DC,Fahrenheit,53,84,67,53,84,67,11.66666667,28.88888889,19.44444444,31,0.4516129032,,,,
12/15/2018 2:01:57,Florida ,Pennsylvania ,Fahrenheit,15,70,55,15,70,55,-9.444444444,21.11111111,12.77777778,55,0.7272727273,,,,
12/15/2018 2:02:46,California ,Louisiana ,Fahrenheit,60,90,70,60,90,70,15.55555556,32.22222222,21.11111111,30,0.3333333333,,,,
12/15/2018 2:02:54,Salt Lake City,Salt Lake City,Fahrenheit,30,75,65,30,75,65,-1.111111111,23.88888889,18.33333333,45,0.7777777778,,,,
12/15/2018 2:03:17,Midwestern US,Midwestern US,Fahrenheit,30,80,65,30,80,65,-1.111111111,26.66666667,18.33333333,50,0.7,,,,
12/15/2018 2:03:29,Ohio,Ohio,Fahrenheit,40,75,65,40,75,65,4.444444444,23.88888889,18.33333333,35,0.7142857143,,,,
12/15/2018 2:06:24,Minnesota,Minnesota,Fahrenheit,45,75,68,45,75,68,7.222222222,23.88888889,20,30,0.7666666667,,,,
12/15/2018 2:06:39,nebraska,alabama,Fahrenheit,55,78,72,55,78,72,12.77777778,25.55555556,22.22222222,23,0.7391304348,,,,
12/15/2018 2:06:50,India,India,Celsius,15,35,20,59,95,68,15,35,20,36,0.25,,,,
12/15/2018 2:07:00,Western Washington,Western Washington,Fahrenheit,40,80,70,40,80,70,4.444444444,26.66666667,21.11111111,40,0.75,,,,
12/15/2018 2:07:09,Portugal,Portugal,Celsius,0,33,23,32,91.4,73.4,0,33,23,59.4,0.696969697,,,,
12/15/2018 2:07:29,UK,UK,Celsius,3,24,19,37.4,75.2,66.2,3,24,19,37.8,0.7619047619,,,,
12/15/2018 2:07:37,Colorado,Iowa,Fahrenheit,57,80,69,57,80,69,13.88888889,26.66666667,20.55555556,23,0.5217391304,,,,
12/15/2018 2:11:30,"New York, USA","New York, USA",Fahrenheit,50,80,70,50,80,70,10,26.66666667,21.11111111,30,0.6666666667,,,,
12/15/2018 2:11:42,New Zealand ,New Zealand,Celsius,15,25,22,59,77,71.6,15,25,22,18,0.7,,,,
12/15/2018 2:12:09,Tennessee,Tennessee,Fahrenheit,60,90,75,60,90,75,15.55555556,32.22222222,23.88888889,30,0.5,,,,
12/15/2018 2:13:14,New York,New York,Fahrenheit,0,90,60,0,90,60,-17.77777778,32.22222222,15.55555556,90,0.6666666667,,,,
12/15/2018 2:13:32,Oklahoma ,Oklahoma ,Fahrenheit,60,85,77,60,85,77,15.55555556,29.44444444,25,25,0.68,,,,
12/15/2018 2:13:51,"New York, New York","New York, New York",Fahrenheit,50,70,65,50,70,65,10,21.11111111,18.33333333,20,0.75,,,,
12/15/2018 2:14:06,California ,Wisconsin ,Fahrenheit,40,76,72,40,76,72,4.444444444,24.44444444,22.22222222,36,0.8888888889,,,,
12/15/2018 2:16:46,"Cincinnati, Ohio","Columbus, Ohio",Fahrenheit,55,75,69,55,75,69,12.77777778,23.88888889,20.55555556,20,0.7,,,,
12/15/2018 2:17:28,Singapore,Taiwan,Celsius,10,27,20,50,80.6,68,10,27,20,30.6,0.5882352941,,,,
12/15/2018 2:18:12,"Georgia, USA","Georgia, USA",Fahrenheit,32,110,56,32,110,56,0,43.33333333,13.33333333,78,0.3076923077,,,,
12/15/2018 2:18:40,Denmark,Denmark,Celsius,15,25,22,59,77,71.6,15,25,22,18,0.7,,,,
12/15/2018 2:19:12,"Atlanta, GA","Denver, CO",Fahrenheit,60,80,70,60,80,70,15.55555556,26.66666667,21.11111111,20,0.5,,,,
12/15/2018 2:19:18,Minnesota,Munnesota,Fahrenheit,30,80,73,30,80,73,-1.111111111,26.66666667,22.77777778,50,0.86,,,,
12/15/2018 2:19:48,Maryland ,Maryland,Fahrenheit,40,72,66,40,72,66,4.444444444,22.22222222,18.88888889,32,0.8125,,,,
12/15/2018 2:22:05,UAE,Germany ,Celsius,13,34,27,55.4,93.2,80.6,13,34,27,37.8,0.6666666667,,,,
12/15/2018 2:22:06,Minnesota,Minnesota,Fahrenheit,35,75,60,35,75,60,1.666666667,23.88888889,15.55555556,40,0.625,,,,
12/15/2018 2:23:34,Alaska,Alaska,Fahrenheit,30,80,74,30,80,74,-1.111111111,26.66666667,23.33333333,50,0.88,,,,
12/15/2018 2:23:40,Southern California,Southern California,Fahrenheit,50,85,70,50,85,70,10,29.44444444,21.11111111,35,0.5714285714,,,,
12/15/2018 2:25:29,"Kentucky, USA","Kentucky, USA",Fahrenheit,55,80,65,55,80,65,12.77777778,26.66666667,18.33333333,25,0.4,,,,
12/15/2018 2:25:32,San Diego,Los Angeles ,Fahrenheit,60,80,74,60,80,74,15.55555556,26.66666667,23.33333333,20,0.7,,,,
12/15/2018 2:26:08,DFW area - Texas,DFW area - Texas,Fahrenheit,40,80,40,40,80,40,4.444444444,26.66666667,4.444444444,40,0,,,,
12/15/2018 2:26:53,Wisconsin,Wisconsin,Fahrenheit,2,89,45,2,89,45,-16.66666667,31.66666667,7.222222222,87,0.4942528736,,,,
12/15/2018 2:29:18,Costa Rica ,Costa Rica ,Celsius,17,27,24,62.6,80.6,75.2,17,27,24,18,0.7,,,,
12/15/2018 2:31:17,Missouri,Washington (state),Fahrenheit,65,75,68,65,75,68,18.33333333,23.88888889,20,10,0.3,,,,
12/15/2018 2:33:38,NJ,NJ,Fahrenheit,50,80,70,50,80,70,10,26.66666667,21.11111111,30,0.6666666667,,,,
12/15/2018 2:34:41,Minnesota,Minnesota ,Fahrenheit,18,82,65,18,82,65,-7.777777778,27.77777778,18.33333333,64,0.734375,,,,
12/15/2018 2:35:38,USA,UK,Fahrenheit,45,95,70,45,95,70,7.222222222,35,21.11111111,50,0.5,,,,
12/15/2018 2:35:50,"Idaho, USA","Montana, USA",Fahrenheit,30,85,55,30,85,55,-1.111111111,29.44444444,12.77777778,55,0.4545454545,,,,
12/15/2018 2:35:56,California,Northern California,Fahrenheit,60,90,78,60,90,78,15.55555556,32.22222222,25.55555556,30,0.6,,,,
12/15/2018 2:36:41,The United States,The United States,Fahrenheit,40,70,60,40,70,60,4.444444444,21.11111111,15.55555556,30,0.6666666667,,,,
12/15/2018 2:37:36,Central ca,Central ca,Fahrenheit,30,110,80,30,110,80,-1.111111111,43.33333333,26.66666667,80,0.625,,,,
12/15/2018 2:37:50,Russia,New Zealand ,Celsius,-10,+35,22,14,95,71.6,-10,35,22,81,0.7111111111,,,,
12/15/2018 2:38:00,"Seattle Washington, USA. ",See above,Fahrenheit,0,90,70,0,90,70,-17.77777778,32.22222222,21.11111111,90,0.7777777778,,,,
12/15/2018 2:38:18,Maryland,Maryland,Fahrenheit,40,75,70,40,75,70,4.444444444,23.88888889,21.11111111,35,0.8571428571,,,,
12/15/2018 2:38:30,United States,United States,Fahrenheit,20,90,75,20,90,75,-6.666666667,32.22222222,23.88888889,70,0.7857142857,,,,
12/15/2018 2:38:35,Wisconsin,Wisconsin ,Fahrenheit,30,68,55,30,68,55,-1.111111111,20,12.77777778,38,0.6578947368,,,,
12/15/2018 2:39:32,Montana,Washington,Fahrenheit,15,80,68,15,80,68,-9.444444444,26.66666667,20,65,0.8153846154,,,,
12/15/2018 2:40:06,Canada,CANADA,Celsius,-22,26,23,-7.6,78.8,73.4,-22,26,23,86.4,0.9375,,,,
12/15/2018 2:41:56,"Washington, DC",Cleveland,Fahrenheit,30,80,68,30,80,68,-1.111111111,26.66666667,20,50,0.76,,,,
12/15/2018 2:42:19, Poland,Poland,Celsius,15,25,21,59,77,69.8,15,25,21,18,0.6,,,,
12/15/2018 2:45:50, California,Hawaii,Fahrenheit,32,90,78,32,90,78,0,32.22222222,25.55555556,58,0.7931034483,,,,
12/15/2018 2:46:17,Tennessee,Tennessee,Fahrenheit,55,90,78,55,90,78,12.77777778,32.22222222,25.55555556,35,0.6571428571,,,,
12/15/2018 2:46:20,Massachusetts US,Vermont US,Fahrenheit,10,80,74,10,80,74,-12.22222222,26.66666667,23.33333333,70,0.9142857143,,,,
12/15/2018 2:47:54,Central Wisconsin,Southern Wisconsin,Fahrenheit,60,80,68,60,80,68,15.55555556,26.66666667,20,20,0.4,,,,
12/15/2018 2:49:24,Puerto Rico ,Chicago ,Fahrenheit,40,90,70,40,90,70,4.444444444,32.22222222,21.11111111,50,0.6,,,,
12/15/2018 2:50:48,"originally russia, after bay area in california",sacramento california,Fahrenheit,35,90,75,35,90,75,1.666666667,32.22222222,23.88888889,55,0.7272727273,,,,
12/15/2018 2:51:17,"Cincinnati, Ohio, US","Cincinnati, Ohio, US",Fahrenheit,45,80,74,45,80,74,7.222222222,26.66666667,23.33333333,35,0.8285714286,,,,
12/15/2018 2:52:53,"Austin, Texas","Austin, Texas",Celsius,-5,22,18,23,71.6,64.4,-5,22,18,48.6,0.8518518519,,,,
12/15/2018 2:53:22,Atlanta,Atlanta,Fahrenheit,40,90,65,40,90,65,4.444444444,32.22222222,18.33333333,50,0.5,,,,
12/15/2018 2:53:22,Northern Indiana,Northern Indiana,Fahrenheit,60,90,78,60,90,78,15.55555556,32.22222222,25.55555556,30,0.6,,,,
12/15/2018 2:53:59,Upstate New York,Chicago,Fahrenheit,50,90,81,50,90,81,10,32.22222222,27.22222222,40,0.775,,,,
12/15/2018 2:55:43,Australia ,Sydney,Celsius,20,30,23,68,86,73.4,20,30,23,18,0.3,,,,
12/15/2018 2:55:57,Arkansas,Arkansas ,Fahrenheit,55,90,75,55,90,75,12.77777778,32.22222222,23.88888889,35,0.5714285714,,,,
12/15/2018 3:00:10,South Florida,North Florida,Fahrenheit,15,70,55,15,70,55,-9.444444444,21.11111111,12.77777778,55,0.7272727273,,,,
12/15/2018 3:00:50,Texas,Texas,Fahrenheit,30,90,65,30,90,65,-1.111111111,32.22222222,18.33333333,60,0.5833333333,,,,
12/15/2018 3:01:56,Switzerland ,Switzerland ,Celsius,0,30,24,32,86,75.2,0,30,24,54,0.8,,,,
12/15/2018 3:02:47,"New Hampshire, USA","New Hampshire, USA",Fahrenheit,60,100,80,60,100,80,15.55555556,37.77777778,26.66666667,40,0.5,,,,
12/15/2018 3:03:38,"PA, USA","PA, USA",Fahrenheit,35,75,68,35,75,68,1.666666667,23.88888889,20,40,0.825,,,,
12/15/2018 3:03:39,"California, US","California, US",Fahrenheit,28,76,35,28,76,35,-2.222222222,24.44444444,1.666666667,48,0.1458333333,,,,
12/15/2018 3:04:20,Washington State,Washington State,Fahrenheit,50,80,70,50,80,70,10,26.66666667,21.11111111,30,0.6666666667,,,,
12/15/2018 3:05:11,Bismarck North Dakota,Miami Florida,Fahrenheit,40,85,60,40,85,60,4.444444444,29.44444444,15.55555556,45,0.4444444444,,,,
12/15/2018 3:05:20,Minnesota,Minnesota,Fahrenheit,32,90,70,32,90,70,0,32.22222222,21.11111111,58,0.6551724138,,,,
12/15/2018 3:07:52,Louisiana ,Oklahoma ,Fahrenheit,56,76,68,56,76,68,13.33333333,24.44444444,20,20,0.6,,,,
12/15/2018 3:08:04,Melbourne,Melbourne,Celsius,10,45,30,50,113,86,10,45,30,63,0.5714285714,,,,
12/15/2018 3:08:36,"Curitiba, Brazil","Curitiba, Brazil",Celsius,14,29,25,57.2,84.2,77,14,29,25,27,0.7333333333,,,,
12/15/2018 3:10:11,Wisconsin,Minnesota,Fahrenheit,-10,86,67,-10,86,67,-23.33333333,30,19.44444444,96,0.8020833333,,,,
12/15/2018 3:12:27,Canada,Canada,Celsius,-20,25,15,-4,77,59,-20,25,15,81,0.7777777778,,,,
12/15/2018 3:13:16,Alaska,Alaska ,Fahrenheit,40,65,55,40,65,55,4.444444444,18.33333333,12.77777778,25,0.6,,,,
12/15/2018 3:19:41,Ohio,NYC,Fahrenheit,50,85,65,50,85,65,10,29.44444444,18.33333333,35,0.4285714286,,,,
12/15/2018 3:20:30,Australia ,Australia ,Celsius,21,32,27,69.8,89.6,80.6,21,32,27,19.8,0.5454545455,,,,
12/15/2018 3:20:39,ITUS,US,Fahrenheit,48,78,63,48,78,63,8.888888889,25.55555556,17.22222222,30,0.5,,,,
12/15/2018 3:22:39,Oregon,New York city ,Fahrenheit,60,85,78,60,85,78,15.55555556,29.44444444,25.55555556,25,0.72,,,,
12/15/2018 3:22:57,Florida,Florida,Fahrenheit,62,85,65,62,85,65,16.66666667,29.44444444,18.33333333,23,0.1304347826,,,,
12/15/2018 3:25:59,Georgia ,Maine,Fahrenheit,20,70,55,20,70,55,-6.666666667,21.11111111,12.77777778,50,0.7,,,,
12/15/2018 3:28:46,Connecticut,Connecticut,Fahrenheit,0,105,75,0,105,75,-17.77777778,40.55555556,23.88888889,105,0.7142857143,,,,
12/15/2018 3:31:21,Connecticut ,Connecticut ,Fahrenheit,40,85,75,40,85,75,4.444444444,29.44444444,23.88888889,45,0.7777777778,,,,
12/15/2018 3:31:55,Ontario,Ontario,Celsius,15,30,25,59,86,77,15,30,25,27,0.6666666667,,,,
12/15/2018 3:32:52,"Kansas, USA","Kansas, USA",Fahrenheit,40,90,65,40,90,65,4.444444444,32.22222222,18.33333333,50,0.5,,,,
12/15/2018 3:35:36,Malaysia,Malaysia,Celsius,18,28,25,64.4,82.4,77,18,28,25,18,0.7,,,,
12/15/2018 3:36:04,Texas,Tennessee,Fahrenheit,68,98,75,68,98,75,20,36.66666667,23.88888889,30,0.2333333333,,,,
12/15/2018 3:37:50,Montana,Washington,Fahrenheit,20,90,70,20,90,70,-6.666666667,32.22222222,21.11111111,70,0.7142857143,,,,
12/15/2018 3:37:54,Mississippi ,Tennessee ,Fahrenheit,45,85,60,45,85,60,7.222222222,29.44444444,15.55555556,40,0.375,,,,
12/15/2018 3:40:31,Minnesota ,Minnesora,Fahrenheit,20,65,60,20,65,60,-6.666666667,18.33333333,15.55555556,45,0.8888888889,,,TRUE,
12/15/2018 3:42:02,new jersey,new jersey,Fahrenheit,60,75,70,60,75,70,15.55555556,23.88888889,21.11111111,15,0.6666666667,,,,
12/15/2018 3:42:32,Minnesota,Minnesota,Fahrenheit,20,90,74,20,90,74,-6.666666667,32.22222222,23.33333333,70,0.7714285714,,,,
12/15/2018 3:43:38,Florida,Florida,Fahrenheit,48,76,65,48,76,65,8.888888889,24.44444444,18.33333333,28,0.6071428571,,,,
12/15/2018 3:46:47,Canada,Canada,Celsius,0,25,16,32,77,60.8,0,25,16,45,0.64,,,,
12/15/2018 3:46:49,Europe,Europe,Celsius,-40,10,-3,-40,50,26.6,-40,10,-3,90,0.74,,,,
12/15/2018 3:49:25,Florida,South Carolina ,Fahrenheit,55,85,75,55,85,75,12.77777778,29.44444444,23.88888889,30,0.6666666667,,,,
12/15/2018 3:50:39,Georgia,Ohio,Fahrenheit,45,75,67,45,75,67,7.222222222,23.88888889,19.44444444,30,0.7333333333,,,,
12/15/2018 3:51:49,Michigan,Texas,Fahrenheit,55,79,70,55,79,70,12.77777778,26.11111111,21.11111111,24,0.625,,,,
12/15/2018 3:53:51,North Dakota,Montana,Fahrenheit,30,70,55,30,70,55,-1.111111111,21.11111111,12.77777778,40,0.625,,,,
12/15/2018 3:55:38,Brazil,Brazil,Celsius,0,25,15,32,77,59,0,25,15,45,0.6,,,,
12/15/2018 3:56:04,Brazil,Brazil,Celsius,13,27,22,55.4,80.6,71.6,13,27,22,25.2,0.6428571429,,,,
12/15/2018 3:56:13,Wisconsin,Pennsylvania,Fahrenheit,45,85,70,45,85,70,7.222222222,29.44444444,21.11111111,40,0.625,,,,
12/15/2018 4:01:19,California ,California ,Fahrenheit,60,90,78,60,90,78,15.55555556,32.22222222,25.55555556,30,0.6,,,,
12/15/2018 4:01:26,Southern Ontario,Southern Ontario,Celsius,-35,25,17,-31,77,62.6,-35,25,17,108,0.8666666667,,,,
12/15/2018 4:01:43,"Texas, USA","Texas ,USA",Fahrenheit,30,100,72,30,100,72,-1.111111111,37.77777778,22.22222222,70,0.6,,,,
12/15/2018 4:01:48,San Francisco ,New york,Fahrenheit,39,83,74,39,83,74,3.888888889,28.33333333,23.33333333,44,0.7954545455,,,,
12/15/2018 4:04:45,Illinois ,Illinois ,Fahrenheit,50,75,70,50,75,70,10,23.88888889,21.11111111,25,0.8,,,,
12/15/2018 4:05:49,Illinois,Illinois,Fahrenheit,65,80,70,65,80,70,18.33333333,26.66666667,21.11111111,15,0.3333333333,,,,
12/15/2018 4:09:54,"boston, MA",Boston MA,Fahrenheit,25,80,70,25,80,70,-3.888888889,26.66666667,21.11111111,55,0.8181818182,,,,
12/15/2018 4:11:14,Southern Sweden,Southern Sweden,Celsius,20,20,10,68,68,50,20,20,10,0,#DIV/0!,,,TRUE,
12/15/2018 4:12:10,"South Carolina, USA","South Carolina, USA",Fahrenheit,55,75,57,55,75,57,12.77777778,23.88888889,13.88888889,20,0.1,,,,
12/15/2018 4:12:48,"Jacksonville, Florida","Orlando, Florida ",Fahrenheit,65,75,73,65,75,73,18.33333333,23.88888889,22.77777778,10,0.8,,,,
12/15/2018 4:12:53,"San Diego, California","San Diego, California",Fahrenheit,60,92,70,60,92,70,15.55555556,33.33333333,21.11111111,32,0.3125,,,,
12/15/2018 4:16:54,California ,California,Fahrenheit,40,120,70,40,120,70,4.444444444,48.88888889,21.11111111,80,0.375,,,,
12/15/2018 4:17:34,Saskatchewan ,Saskatchewan ,Celsius,-25,15,-10,-13,59,14,-25,15,-10,72,0.375,,? must be correct because if this were Fahrenheit then it's much worse,,
12/15/2018 4:17:35,India ,India ,Celsius,5,35,18,41,95,64.4,5,35,18,54,0.4333333333,,,,
12/15/2018 4:18:02,Florida,Florida,Fahrenheit,60,85,70,60,85,70,15.55555556,29.44444444,21.11111111,25,0.4,,,,
12/15/2018 4:18:35,Oregon,Wisconsin,Fahrenheit,60,80,70,60,80,70,15.55555556,26.66666667,21.11111111,20,0.5,,,,
12/15/2018 4:29:55,MD,MD,Fahrenheit,60,110,85,60,110,85,15.55555556,43.33333333,29.44444444,50,0.5,,,,
12/15/2018 4:30:15,"USA Alaska, then California",USA Arizona,Fahrenheit,32,80,60,32,80,60,0,26.66666667,15.55555556,48,0.5833333333,,,,
12/15/2018 4:32:21,Texas,Texas,Fahrenheit,60,85,75,60,85,75,15.55555556,29.44444444,23.88888889,25,0.6,,,,
12/15/2018 4:34:40,New Jersey ,New Jersey ,Fahrenheit,45,77,75,45,77,75,7.222222222,25,23.88888889,32,0.9375,,,,
12/15/2018 4:37:54,"Florida, USA","Florida, USA",Fahrenheit,25,93,63,25,93,63,-3.888888889,33.88888889,17.22222222,68,0.5588235294,,,,
12/15/2018 4:38:35,Southern California ,Southern California ,Fahrenheit,50,83,70,50,83,70,10,28.33333333,21.11111111,33,0.6060606061,,,,
12/15/2018 4:38:44,Southern California,Southern California,Fahrenheit,55,75,60,55,75,60,12.77777778,23.88888889,15.55555556,20,0.25,,,,
12/15/2018 4:39:17,ohio,ohio,Celsius,0,27,21,32,80.6,69.8,0,27,21,48.6,0.7777777778,,,,
12/15/2018 4:39:25,Las Vegas,Reno,Fahrenheit,20,80,40,20,80,40,-6.666666667,26.66666667,4.444444444,60,0.3333333333,,,,
12/15/2018 4:40:04,Kentucky,Kentucky,Fahrenheit,55,85,75,55,85,75,12.77777778,29.44444444,23.88888889,30,0.6666666667,,,,
12/15/2018 4:40:14,Chicago,New York,Fahrenheit,60,85,75,60,85,75,15.55555556,29.44444444,23.88888889,25,0.6,,,,
12/15/2018 4:41:04,Ecuador ,Canada,Celsius,-15,34,23,5,93.2,73.4,-15,34,23,88.2,0.7755102041,,,,
12/15/2018 4:41:52,Pennsylvania ,Calgary ,Celsius,10,32,25,50,89.6,77,10,32,25,39.6,0.6818181818,,,,
12/15/2018 4:42:13,Cali,Cali,Fahrenheit,65,95,80,65,95,80,18.33333333,35,26.66666667,30,0.5,,,,
12/15/2018 4:42:52,Illinois,Wisconsin,Fahrenheit,55,120,85,55,120,85,12.77777778,48.88888889,29.44444444,65,0.4615384615,,,,
12/15/2018 4:43:49,Pennsylvania ,Boston,Fahrenheit,55,80,68,55,80,68,12.77777778,26.66666667,20,25,0.52,,,,
12/15/2018 4:44:48,Denmark,Florida,Celsius,5,30,20,41,86,68,5,30,20,45,0.6,,,,
12/15/2018 4:46:32,Texas,Texas,Fahrenheit,60,89,69,60,89,69,15.55555556,31.66666667,20.55555556,29,0.3103448276,,,,
12/15/2018 4:47:44,Kentucky ,Indiana ,Fahrenheit,50,75,70,50,75,70,10,23.88888889,21.11111111,25,0.8,,,,
12/15/2018 4:51:01,usa,usa,Fahrenheit,50,90,75,50,90,75,10,32.22222222,23.88888889,40,0.625,,,,
12/15/2018 4:51:42,Michigan,Virginia,Fahrenheit,45,82,72,45,82,72,7.222222222,27.77777778,22.22222222,37,0.7297297297,,,,
12/15/2018 4:53:08,New York,New York,Fahrenheit,40,75,60,40,75,60,4.444444444,23.88888889,15.55555556,35,0.5714285714,,,,
12/15/2018 4:54:22,"Iowa, United States","Iowa, United States",Fahrenheit,50,95,68,50,95,68,10,35,20,45,0.4,,,,
12/15/2018 4:54:57,Illinois,Illinois,Fahrenheit,45,90,70,45,90,70,7.222222222,32.22222222,21.11111111,45,0.5555555556,,,,
12/15/2018 4:56:11,"Santiago, Chile","Santiago, Chile",Celsius,10,24,20,50,75.2,68,10,24,20,25.2,0.7142857143,,,,
12/15/2018 4:56:30,upstate ny,Western ny,Fahrenheit,50,78,74,50,78,74,10,25.55555556,23.33333333,28,0.8571428571,,,,
12/15/2018 4:57:21,Texas,Texas,Fahrenheit,45,100,78,45,100,78,7.222222222,37.77777778,25.55555556,55,0.6,,,,
12/15/2018 4:58:13,Saskatchewan,Washington state ,Celsius,-10,80,73,14,176,163.4,-10,80,73,162,0.9222222222,,meant Fahrenheit?,,
12/15/2018 5:02:45,California,Nevada,Fahrenheit,58,79,65,58,79,65,14.44444444,26.11111111,18.33333333,21,0.3333333333,,,,
12/15/2018 5:06:52,"Tucson, AZ","Detroit, MI",Fahrenheit,60,100,80,60,100,80,15.55555556,37.77777778,26.66666667,40,0.5,,,,
12/15/2018 5:06:55,"Tucson, AZ","Detroit, MI",Fahrenheit,60,100,80,60,100,80,15.55555556,37.77777778,26.66666667,40,0.5,,,,
12/15/2018 5:11:41,USA,"USA, Mid-Atlantic region",Fahrenheit,40,85,68,40,85,68,4.444444444,29.44444444,20,45,0.6222222222,,,,
12/15/2018 5:12:23,Wisconsin,Wisconsin,Fahrenheit,-10,75,60,-10,75,60,-23.33333333,23.88888889,15.55555556,85,0.8235294118,,,,
12/15/2018 5:12:53,"Philadelphia, Pennsylvania, USA","Raleigh, North Carolina, USA",Fahrenheit,65,77,73,65,77,73,18.33333333,25,22.77777778,12,0.6666666667,,,,
12/15/2018 5:15:53,Northern KZ,Southern US,Fahrenheit,30,105,78,30,105,78,-1.111111111,40.55555556,25.55555556,75,0.64,,,,
12/15/2018 5:16:50,Illinois,Illinois,Fahrenheit,40,85,73,40,85,73,4.444444444,29.44444444,22.77777778,45,0.7333333333,,,,
12/15/2018 5:17:37,USA,USA,Fahrenheit,50,110,72,50,110,72,10,43.33333333,22.22222222,60,0.3666666667,,,,
12/15/2018 5:18:29,usa,usa,Fahrenheit,60,85,73,60,85,73,15.55555556,29.44444444,22.77777778,25,0.52,,,,
12/15/2018 5:18:38,"Seville, Spain","Toronto, Canada ",Celsius,-10,25,15,14,77,59,-10,25,15,63,0.7142857143,,,,
12/15/2018 5:21:07,"Houston, TX","Ridgefield, WA",Fahrenheit,45,85,75,45,85,75,7.222222222,29.44444444,23.88888889,40,0.75,,,,
12/15/2018 5:21:53,Nebraska ,Nebraska ,Fahrenheit,40,85,60,40,85,60,4.444444444,29.44444444,15.55555556,45,0.4444444444,,,,
12/15/2018 5:23:13,England,England,Celsius,10,18,14,50,64.4,57.2,10,18,14,14.4,0.5,,,,
12/15/2018 5:24:52,Texas,Texas,Fahrenheit,60,103,70,60,103,70,15.55555556,39.44444444,21.11111111,43,0.2325581395,,,,
12/15/2018 5:27:35,Indiana,Texas,Fahrenheit,50,90,70,50,90,70,10,32.22222222,21.11111111,40,0.5,,,,
12/15/2018 5:29:45,Finland,Finland,Celsius,-10,30,23,14,86,73.4,-10,30,23,72,0.825,,,,
12/15/2018 5:29:52,Iowa,Iowa,Fahrenheit,40,80,70,40,80,70,4.444444444,26.66666667,21.11111111,40,0.75,,,,
12/15/2018 5:31:02,"Honolulu, HI","Portland, OR",Fahrenheit,50,80,65,50,80,65,10,26.66666667,18.33333333,30,0.5,,,,
12/15/2018 5:31:13,Pennsylvania,Pennsylvania,Fahrenheit,50,75,70,50,75,70,10,23.88888889,21.11111111,25,0.8,,,,
12/15/2018 5:35:54,Ohio,Michigan,Fahrenheit,68,83,76,68,83,76,20,28.33333333,24.44444444,15,0.5333333333,,,,
12/15/2018 5:36:15,"Rochester, NY","Rochester, NY",Fahrenheit,50,85,75,50,85,75,10,29.44444444,23.88888889,35,0.7142857143,,,,
12/15/2018 5:36:16,"Toronto, ON","Toronto, ON",Celsius,-30,30,18,-22,86,64.4,-30,30,18,108,0.8,,,,
12/15/2018 5:38:20,California,California,Fahrenheit,55,84,73,55,84,73,12.77777778,28.88888889,22.77777778,29,0.6206896552,,,,
12/15/2018 5:43:20,Australia,Australia,Celsius,20,32,28,68,89.6,82.4,20,32,28,21.6,0.6666666667,,,,
12/15/2018 5:43:40,ontario,ontario,Celsius,14,29,25,57.2,84.2,77,14,29,25,27,0.7333333333,,,,
12/15/2018 5:45:21,"Iowa, USA","Missouri, USS",Fahrenheit,40,80,65,40,80,65,4.444444444,26.66666667,18.33333333,40,0.625,,,,
12/15/2018 5:51:01,Phoenix AZ USA,Phoenix AZ USA,Fahrenheit,65,105,80,65,105,80,18.33333333,40.55555556,26.66666667,40,0.375,,,,
12/15/2018 5:53:50,"Charlotte, North Carolina","Charlotte, North Carolina",Fahrenheit,45,80,60,45,80,60,7.222222222,26.66666667,15.55555556,35,0.4285714286,,,,
12/15/2018 5:54:32,Texas,Texas,Fahrenheit,40,95,65,40,95,65,4.444444444,35,18.33333333,55,0.4545454545,,,,
12/15/2018 5:55:38,Cincinnati,Cincinnati ,Fahrenheit,65,85,76,65,85,76,18.33333333,29.44444444,24.44444444,20,0.55,,,,
12/15/2018 5:59:12,United states,United States ,Fahrenheit,60,85,82,60,85,82,15.55555556,29.44444444,27.77777778,25,0.88,,,,
12/15/2018 6:02:16,Oklahoma,Oregon,Fahrenheit,55,85,65,55,85,65,12.77777778,29.44444444,18.33333333,30,0.3333333333,,,,
12/15/2018 6:03:17,Edmonton Canada,Edmonton Canada,Celsius,0,25,15,32,77,59,0,25,15,45,0.6,,,,
12/15/2018 6:04:24,"Pittsburgh, PA","Dahlgren, VA",Fahrenheit,38,93,82,38,93,82,3.333333333,33.88888889,27.77777778,55,0.8,,,,
12/15/2018 6:04:54,Singapore,Singapore,Celsius,25,30,25,77,86,77,25,30,25,9,0,,,,
12/15/2018 6:09:19,Australia,Australia,Celsius,14,32,26,57.2,89.6,78.8,14,32,26,32.4,0.6666666667,,,,
12/15/2018 6:10:11,California,California,Fahrenheit,60,70,60,60,70,60,15.55555556,21.11111111,15.55555556,10,0,,,,
12/15/2018 6:11:23,Florida,Florida,Fahrenheit,45,85,75,45,85,75,7.222222222,29.44444444,23.88888889,40,0.75,,,,
12/15/2018 6:14:54,Germany,Germany,Celsius,-10,35,23,14,95,73.4,-10,35,23,81,0.7333333333,,,,
12/15/2018 6:17:51,Honolulu,Oregon,Fahrenheit,65,90,70,65,90,70,18.33333333,32.22222222,21.11111111,25,0.2,,,,
12/15/2018 6:18:50,Canada,Canada ,Celsius,-26,26,26,-14.8,78.8,78.8,-26,26,26,93.6,1,,,,
12/15/2018 6:20:44,"Chennai, India","Paris, France",Celsius,6,20,10,42.8,68,50,6,20,10,25.2,0.2857142857,,,,
12/15/2018 6:20:54,Boston,Boston,Fahrenheit,50,75,68,50,75,68,10,23.88888889,20,25,0.72,,,,
12/15/2018 6:24:02,Malaysia,Singapore,Celsius,17,32,22,62.6,89.6,71.6,17,32,22,27,0.3333333333,,,,
12/15/2018 6:25:39,Turkey, Kazakhstan ,Fahrenheit,-5,26,23,-5,26,23,-20.55555556,-3.333333333,-5,31,0.9032258065,,meant Celsius?,,
12/15/2018 6:26:51,Lithuania,Lithuania,Celsius,15,30,25,59,86,77,15,30,25,27,0.6666666667,,,,
12/15/2018 6:30:32,Portland,Klamath falls,Fahrenheit,20,85,65,20,85,65,-6.666666667,29.44444444,18.33333333,65,0.6923076923,,,,
12/15/2018 6:31:30,WV,WV,Fahrenheit,-10,75,40,-10,75,40,-23.33333333,23.88888889,4.444444444,85,0.5882352941,,,,
12/15/2018 6:37:13,"Vancouver, Canada","Vancouver, Canada",Celsius,0,26,15,32,78.8,59,0,26,15,46.8,0.5769230769,,,,
12/15/2018 6:37:16,"Palm Springs, California, USA","San Diego, California, USA",Fahrenheit,65,80,75,65,80,75,18.33333333,26.66666667,23.88888889,15,0.6666666667,,,,
12/15/2018 6:38:30,Southern California ,Southern California ,Fahrenheit,45,85,62,45,85,62,7.222222222,29.44444444,16.66666667,40,0.425,,,,
12/15/2018 6:39:04,"Yokohama, Japan","Irving, Texas, United States",Celsius,15,27,20,59,80.6,68,15,27,20,21.6,0.4166666667,,,,
12/15/2018 6:39:06,Taiwan (but moved to Pacific NW when 2) ,Pacific Northwest,Celsius,17,40,27,62.6,104,80.6,17,40,27,41.4,0.4347826087,,,,
12/15/2018 6:40:24,Cincinnati ,Cincinnati ,Fahrenheit,50,80,69,50,80,69,10,26.66666667,20.55555556,30,0.6333333333,,,,
12/15/2018 6:41:12,Georgia ,Florida,Fahrenheit,40,90,60,40,90,60,4.444444444,32.22222222,15.55555556,50,0.4,,,,
12/15/2018 6:46:01,Washington State,Washington State,Celsius,-2,22,10,28.4,71.6,50,-2,22,10,43.2,0.5,,,,
12/15/2018 6:46:12,Minnesota,Minnesota ,Fahrenheit,65,78,67,65,78,67,18.33333333,25.55555556,19.44444444,13,0.1538461538,,,,
12/15/2018 6:50:30,Switzerland ,Switzerland ,Celsius,-20,20,10,-4,68,50,-20,20,10,72,0.75,,,,
12/15/2018 7:00:14,Michigan,Iowa,Fahrenheit,0,78,50,0,78,50,-17.77777778,25.55555556,10,78,0.641025641,,,,
12/15/2018 7:00:24,"RI, USA","RI, USA",Fahrenheit,35,48,60,35,48,60,1.666666667,8.888888889,15.55555556,13,1.923076923,,,,
12/15/2018 7:00:46,USA,USA,Fahrenheit,58,105,72,58,105,72,14.44444444,40.55555556,22.22222222,47,0.2978723404,,,,
12/15/2018 7:02:38,UK,UK,Celsius,3,33,25,37.4,91.4,77,3,33,25,54,0.7333333333,,,,
12/15/2018 7:03:43,Arizona,Wisconsib,Fahrenheit,0,100,60,0,100,60,-17.77777778,37.77777778,15.55555556,100,0.6,,,TRUE,
12/15/2018 7:06:47,"Santiago, Chile","Santiago, Chile",Celsius,5,25,20,41,77,68,5,25,20,36,0.75,,,,
12/15/2018 7:14:23,Minnesota,Upstate NY,Fahrenheit,17,85,20,17,85,20,-8.333333333,29.44444444,-6.666666667,68,0.04411764706,,,,
12/15/2018 7:17:06,"Eastern Washington State, USA","Eastern Washington State, USA",Fahrenheit,50,75,65,50,75,65,10,23.88888889,18.33333333,25,0.6,,,,
12/15/2018 7:19:27,France ,France ,Celsius,13,25,20,55.4,77,68,13,25,20,21.6,0.5833333333,,,,
12/15/2018 7:19:52,California,California,Fahrenheit,20,90,75,20,90,75,-6.666666667,32.22222222,23.88888889,70,0.7857142857,,,,
12/15/2018 7:20:54,"Melbourne, Australia","Melbourne, Australia",Celsius,15,32,26,59,89.6,78.8,15,32,26,30.6,0.6470588235,,,,
12/15/2018 7:26:20,New York ,North Carolina ,Fahrenheit,40,70,60,40,70,60,4.444444444,21.11111111,15.55555556,30,0.6666666667,,,,
12/15/2018 7:28:24,Vancouver Canada,Calgary Alberta,Celsius,-10,30,10,14,86,50,-10,30,10,72,0.5,,,,
12/15/2018 7:29:09,"Reno, Nevada","Las Vegas, Nevada",Fahrenheit,65,85,70,65,85,70,18.33333333,29.44444444,21.11111111,20,0.25,,,,
12/15/2018 7:30:57,South Florida,Central Florida,Fahrenheit,60,75,65,60,75,65,15.55555556,23.88888889,18.33333333,15,0.3333333333,,,,
12/15/2018 7:39:16,"Riga, Latvia","Riga, Latvia",Celsius,-10,+27,21,14,80.6,69.8,-10,27,21,66.6,0.8378378378,,,,
12/15/2018 7:40:15,Illinois,Indiana,Fahrenheit,55,80,73,55,80,73,12.77777778,26.66666667,22.77777778,25,0.72,,,,
12/15/2018 7:40:44,Midwest,New England,Fahrenheit,46,84,68,46,84,68,7.777777778,28.88888889,20,38,0.5789473684,,,,
12/15/2018 7:41:26,uk,uk,Celsius,-10,30,24,14,86,75.2,-10,30,24,72,0.85,,,,
12/15/2018 7:41:33,North Texas ,North Texas ,Fahrenheit,40,110,86,40,110,86,4.444444444,43.33333333,30,70,0.6571428571,,,,
12/15/2018 7:44:52,USA ,USA ,Fahrenheit,45,85,74,45,85,74,7.222222222,29.44444444,23.33333333,40,0.725,,,,
12/15/2018 7:48:48,Denmark,Northern Germany,Celsius,6,25,18,42.8,77,64.4,6,25,18,34.2,0.6315789474,,,,
12/15/2018 7:49:59,Midwest US,Midwest US,Fahrenheit,45,80,65,45,80,65,7.222222222,26.66666667,18.33333333,35,0.5714285714,,,,
12/15/2018 7:51:16,Tennessee,California,Fahrenheit,32,84,72,32,84,72,0,28.88888889,22.22222222,52,0.7692307692,,,,
12/15/2018 7:53:00,Tennessee,Tennessee,Fahrenheit,30,85,65,30,85,65,-1.111111111,29.44444444,18.33333333,55,0.6363636364,,,,
12/15/2018 7:55:28,Ontario,Ontario,Celsius,15,32,23,59,89.6,73.4,15,32,23,30.6,0.4705882353,,,,
12/15/2018 7:56:43,Israel,Israel,Celsius,10,27,19,50,80.6,66.2,10,27,19,30.6,0.5294117647,,,,
12/15/2018 8:02:24,"Hopewell, Virginia, USA","Chesterfield, Virginia, USA",Fahrenheit,50,75,68,50,75,68,10,23.88888889,20,25,0.72,,,,
12/15/2018 8:06:47,Mississippi,Tennessee,Fahrenheit,30,65,55,30,65,55,-1.111111111,18.33333333,12.77777778,35,0.7142857143,,,,
12/15/2018 8:07:41,"Melbourne, Australia ","Brisbane, Australia ",Celsius,0,35,20,32,95,68,0,35,20,63,0.5714285714,,,,
12/15/2018 8:08:44,London,Glasgow,Celsius,10,28,24,50,82.4,75.2,10,28,24,32.4,0.7777777778,,,,
12/15/2018 8:09:00,San Jose,San Jose,Fahrenheit,32,73,65,32,73,65,0,22.77777778,18.33333333,41,0.8048780488,,,,
12/15/2018 8:10:33,India,India,Celsius,0,27,16,32,80.6,60.8,0,27,16,48.6,0.5925925926,,,,
12/15/2018 8:11:49,"Sydney, Australia ","Sydney, Australia ",Celsius,12,32,24,53.6,89.6,75.2,12,32,24,36,0.6,,,,
12/15/2018 8:11:56,Alabama,Alabama ,Fahrenheit,50,90,75,50,90,75,10,32.22222222,23.88888889,40,0.625,,,,
12/15/2018 8:22:16,Southern England,Northern England,Celsius,10,25,22,50,77,71.6,10,25,22,27,0.8,,,,
12/15/2018 8:22:39,The Netherlands,The Netherlands,Celsius,21,35,30,69.8,95,86,21,35,30,25.2,0.6428571429,,,,
12/15/2018 8:22:56,New York,New York,Fahrenheit,8,90,45,8,90,45,-13.33333333,32.22222222,7.222222222,82,0.4512195122,,,,
12/15/2018 8:24:42,United States of America,United States of America,Fahrenheit,50,70,70,50,70,70,10,21.11111111,21.11111111,20,1,,,,
12/15/2018 8:27:07,Germany,Colombia,Celsius,0,32,27,32,89.6,80.6,0,32,27,57.6,0.84375,,,,
12/15/2018 8:30:04,California,New York,Fahrenheit,60,90,77,60,90,77,15.55555556,32.22222222,25,30,0.5666666667,,,,
12/15/2018 8:30:51,Canada,Canada,Celsius,-2,16,14,28.4,60.8,57.2,-2,16,14,32.4,0.8888888889,,,,
12/15/2018 8:34:14,Toronto,Toronto,Celsius,-5,28,3,23,82.4,37.4,-5,28,3,59.4,0.2424242424,,,,
12/15/2018 8:39:46,South Africa,United Arab emirates ,Celsius,20,35,23,68,95,73.4,20,35,23,27,0.2,,,,
12/15/2018 8:40:42,New York,New Jersey,Fahrenheit,45,78,65,45,78,65,7.222222222,25.55555556,18.33333333,33,0.6060606061,,,,
12/15/2018 8:40:55,Canada,Canada,Celsius,-15,30,15,5,86,59,-15,30,15,81,0.6666666667,,,,
12/15/2018 8:41:30,netherlands ,netherlands ,Celsius,9,24,15,48.2,75.2,59,9,24,15,27,0.4,,,,
12/15/2018 8:42:36,"Sydney, Australia",Australia,Celsius,16,34,21,60.8,93.2,69.8,16,34,21,32.4,0.2777777778,,,,
12/15/2018 8:43:35,USA,USA,Fahrenheit,60,90,68,60,90,68,15.55555556,32.22222222,20,30,0.2666666667,,,,
12/15/2018 8:46:40,"Inland NSW, Australia (Cfb Oceanic climate)","Coastal NSW, Australia (Cfa Humid subtropical climate)",Celsius,11,24,16,51.8,75.2,60.8,11,24,16,23.4,0.3846153846,,,,
12/15/2018 8:47:41,The Netherlands,The Netherlands,Celsius,8,22,15,46.4,71.6,59,8,22,15,25.2,0.5,,,,
12/15/2018 8:51:03,Germany,Germany,Celsius,7,25,16,44.6,77,60.8,7,25,16,32.4,0.5,,,,
12/15/2018 8:52:25,Austria,Austria,Celsius,10,25,22,50,77,71.6,10,25,22,27,0.8,,,,
12/15/2018 9:02:12,"Washington State, USA","Washington State, USA",Fahrenheit,50,90,80,50,90,80,10,32.22222222,26.66666667,40,0.75,,,,
12/15/2018 9:08:07,Finland,Finland,Celsius,8,27,17,46.4,80.6,62.6,8,27,17,34.2,0.4736842105,,,,
12/15/2018 9:09:32,California ,California ,Fahrenheit,35,75,60,35,75,60,1.666666667,23.88888889,15.55555556,40,0.625,,,,
12/15/2018 9:10:31,Devon,Devon,Celsius,4,25,15,39.2,77,59,4,25,15,37.8,0.5238095238,,,,
12/15/2018 9:12:00,Florida ,Florida ,Fahrenheit,70,100,85,70,100,85,21.11111111,37.77777778,29.44444444,30,0.5,,,,
12/15/2018 9:15:09,"Moscow, Russia","Moscow, Russia",Celsius,-20,+32,+26,-4,89.6,78.8,-20,32,26,93.6,0.8846153846,,,,
12/15/2018 9:15:11,Austria,Germany,Celsius,10,25,25,50,77,77,10,25,25,27,1,,,,
12/15/2018 9:18:56,Germany,Germany,Celsius,15,25,21,59,77,69.8,15,25,21,18,0.6,,,,
12/15/2018 9:19:20,Lithuania,Lithuania,Celsius,-20,+30,+25,-4,86,77,-20,30,25,90,0.9,,,,
12/15/2018 9:23:38,Australia ,Australia ,Celsius,8,28,22,46.4,82.4,71.6,8,28,22,36,0.7,,,,
12/15/2018 9:24:15,ny,ga,Fahrenheit,30,75,50,30,75,50,-1.111111111,23.88888889,10,45,0.4444444444,,,,
12/15/2018 9:25:36,Oregon,Oregon,Fahrenheit,40,75,68,40,75,68,4.444444444,23.88888889,20,35,0.8,,,,
12/15/2018 9:25:45,England,England,Celsius,5,25,18,41,77,64.4,5,25,18,36,0.65,,,,
12/15/2018 9:27:03,Turkey,Turkey,Celsius,10,30,23,50,86,73.4,10,30,23,36,0.65,,,,
12/15/2018 9:27:03,Hawaii,Hawaii,Fahrenheit,55,80,75,55,80,75,12.77777778,26.66666667,23.88888889,25,0.8,,,,
12/15/2018 9:27:12,Southern California,Northern Arizona,Fahrenheit,70,85,80,70,85,80,21.11111111,29.44444444,26.66666667,15,0.6666666667,,,,
12/15/2018 9:30:35,Sweden,Sweden,Celsius,10,25,18,50,77,64.4,10,25,18,27,0.5333333333,,,,
12/15/2018 9:32:52,Edmonton,Vancouver,Celsius,-30,28,10,-22,82.4,50,-30,28,10,104.4,0.6896551724,,,,
12/15/2018 9:37:57,Germany,Germany,Celsius,10,22,17,50,71.6,62.6,10,22,17,21.6,0.5833333333,,,,
12/15/2018 9:44:42,Belfast,Cardiff,Celsius,8,28,21,46.4,82.4,69.8,8,28,21,36,0.65,,,,
12/15/2018 9:46:37,Albania,Albania,Celsius,12,22,20,53.6,71.6,68,12,22,20,18,0.8,,,,
12/15/2018 9:46:57,"Ottawa, Canada","Ottawa,  Canada",Celsius,7,27,17,44.6,80.6,62.6,7,27,17,36,0.5,,,,
12/15/2018 9:50:26,Germany,Germany,Celsius,14,34,27,57.2,93.2,80.6,14,34,27,36,0.65,,,,
12/15/2018 9:50:46,"Southern california, USA","Central california,USA",Fahrenheit,49,80,65,49,80,65,9.444444444,26.66666667,18.33333333,31,0.5161290323,,,,
12/15/2018 9:52:12,Sweden,Sweden,Celsius,12,23,19,53.6,73.4,66.2,12,23,19,19.8,0.6363636364,,,,
12/15/2018 9:55:28,"Suffolk,UK","Suffolk,UK",Celsius,0,20,10,32,68,50,0,20,10,36,0.5,,,,
12/15/2018 9:56:59,Sweden,Sweden,Celsius,15,32,22,59,89.6,71.6,15,32,22,30.6,0.4117647059,,,,
12/15/2018 9:58:22,"Cleveland, OH, USA ",Cleveland ,Fahrenheit,20,80,58,20,80,58,-6.666666667,26.66666667,14.44444444,60,0.6333333333,,,,
12/15/2018 10:03:39,"Berlin, Germany","Brighton, United Kingdom",Celsius,0,30,24,32,86,75.2,0,30,24,54,0.8,,,,
12/15/2018 10:03:47,"Bay Area, CA","Portland, OR",Fahrenheit,50,78,71,50,78,71,10,25.55555556,21.66666667,28,0.75,,,,
12/15/2018 10:03:50,Texas,also Texas,Fahrenheit,40,75,60,40,75,60,4.444444444,23.88888889,15.55555556,35,0.5714285714,,,,
12/15/2018 10:03:55,The UK,Indonesia,Celsius,16,27,23,60.8,80.6,73.4,16,27,23,19.8,0.6363636364,,,,
12/15/2018 10:04:05,"Adelaide, Australia ","Adelaide, Australia ",Celsius,14,28,23,57.2,82.4,73.4,14,28,23,25.2,0.6428571429,,,,
12/15/2018 10:09:15,Netherlands,Netherlands,Celsius,-10,28,23,14,82.4,73.4,-10,28,23,68.4,0.8684210526,,,,
12/15/2018 10:11:00,Lithuania,Lithuania,Celsius,-5,20,15,23,68,59,-5,20,15,45,0.8,,,,
12/15/2018 10:11:03,Michigan ,Michigan,Fahrenheit,45,80,70,45,80,70,7.222222222,26.66666667,21.11111111,35,0.7142857143,,,,
12/15/2018 10:15:45,Iowa,Iowa,Fahrenheit,74,85,77,74,85,77,23.33333333,29.44444444,25,11,0.2727272727,,,,
12/15/2018 10:16:17,Sweden,Sweden,Celsius,-5,28,24,23,82.4,75.2,-5,28,24,59.4,0.8787878788,,,,
12/15/2018 10:18:39,Germany ,Germany ,Celsius,10,28,26,50,82.4,78.8,10,28,26,32.4,0.8888888889,,,,
12/15/2018 10:19:04,London ,London ,Celsius,8,26,22,46.4,78.8,71.6,8,26,22,32.4,0.7777777778,,,,
12/15/2018 10:19:14,France,France,Celsius,5,35,25,41,95,77,5,35,25,54,0.6666666667,,,,
12/15/2018 10:23:22,France,France,Celsius,10,25,22,50,77,71.6,10,25,22,27,0.8,,,,
12/15/2018 10:23:56,Lithuania,Netherlands,Celsius,-5,30,23,23,86,73.4,-5,30,23,63,0.8,,,,
12/15/2018 10:24:02,Germany ,Germany ,Celsius,17,25,23,62.6,77,73.4,17,25,23,14.4,0.75,,,,
12/15/2018 10:24:43,"Wisconsin, US","Wisconsin, US",Fahrenheit,30,80,60,30,80,60,-1.111111111,26.66666667,15.55555556,50,0.6,,,,
12/15/2018 10:25:47,Dominican Republic ,Madrid ,Celsius,5,20,17,41,68,62.6,5,20,17,27,0.8,,,,
12/15/2018 10:29:04,Oklahoma,Pennsylvania,Fahrenheit,35,80,50,35,80,50,1.666666667,26.66666667,10,45,0.3333333333,,,,
12/15/2018 10:32:01,Armenia,UK,Celsius,7,20,14,44.6,68,57.2,7,20,14,23.4,0.5384615385,,,,
12/15/2018 10:32:36,Hungary,"Hungary, Budapest",Celsius,5,24,24,41,75.2,75.2,5,24,24,34.2,1,,,,
12/15/2018 10:34:29,The Netherlands,The Netherlands,Celsius,5,25,20,41,77,68,5,25,20,36,0.75,,,,
12/15/2018 10:38:11,Netherlands,Netherlands,Celsius,15,25,22,59,77,71.6,15,25,22,18,0.7,,,,
12/15/2018 10:38:56,brazil,toronto,Celsius,17,26,23,62.6,78.8,73.4,17,26,23,16.2,0.6666666667,,,,
12/15/2018 10:46:39," Maripipi Island, Philippines ","Toronto, Ontario",Celsius,0,27,11,32,80.6,51.8,0,27,11,48.6,0.4074074074,,,,
12/15/2018 10:46:44,Sweden,Sweden,Celsius,-15,+23,18,5,73.4,64.4,-15,23,18,68.4,0.8684210526,,,,
12/15/2018 10:48:17,South England ,New Zealand ,Celsius,10,24,22,50,75.2,71.6,10,24,22,25.2,0.8571428571,,,,
12/15/2018 11:03:55,Chicago,Chicago,Fahrenheit,15,70,55,15,70,55,-9.444444444,21.11111111,12.77777778,55,0.7272727273,,,,
12/15/2018 11:05:53,Finland,Finland,Celsius,-25,25,20,-13,77,68,-25,25,20,90,0.9,,,,
12/15/2018 11:06:03,Germany,Germany,Celsius,-2,28,20,28.4,82.4,68,-2,28,20,54,0.7333333333,,,,
12/15/2018 11:11:15,India - Bangalore,Canada - Southern Ontario,Celsius,16,35,24,60.8,95,75.2,16,35,24,34.2,0.4210526316,,,,
12/15/2018 11:14:00,Estonia,Estonia,Celsius,-15,20,15,5,68,59,-15,20,15,63,0.8571428571,,,,
12/15/2018 11:15:50,Bahrain ,Bahrain ,Celsius,17,29,22,62.6,84.2,71.6,17,29,22,21.6,0.4166666667,,,,
12/15/2018 11:16:01,Denmark,Denmark,Celsius,10,30,20,50,86,68,10,30,20,36,0.5,,,,
12/15/2018 11:16:44,"Colorado, USA","Tennessee, USA",Fahrenheit,35,90,65,35,90,65,1.666666667,32.22222222,18.33333333,55,0.5454545455,,,,
12/15/2018 11:17:26,Spain,United Kingdo.,Celsius,5,25,20,41,77,68,5,25,20,36,0.75,,,,
12/15/2018 11:18:49,England,England,Celsius,-1,20,10,30.2,68,50,-1,20,10,37.8,0.5238095238,,,,
12/15/2018 11:19:02,"Ohio, USA","Ohio, USA",Fahrenheit,30,80,74,30,80,74,-1.111111111,26.66666667,23.33333333,50,0.88,,,,
12/15/2018 11:20:43,Germany,Germany,Celsius,16,25,22,60.8,77,71.6,16,25,22,16.2,0.6666666667,,,,
12/15/2018 11:24:55,Germany,Germany,Celsius,10,27,20,50,80.6,68,10,27,20,30.6,0.5882352941,,,,
12/15/2018 11:25:20,Australia ,Melbourne Australia ,Celsius,18,35,21,64.4,95,69.8,18,35,21,30.6,0.1764705882,,,,
12/15/2018 11:27:42,Hungary,Italy,Celsius,-10,30,23,14,86,73.4,-10,30,23,72,0.825,,,,
12/15/2018 11:33:04,Sweden,Sweden,Celsius,5,30,25,41,86,77,5,30,25,45,0.8,,,,
12/15/2018 11:33:17,Denmark,Denmark,Celsius,13,22,17,55.4,71.6,62.6,13,22,17,16.2,0.4444444444,,,,
12/15/2018 11:35:30,Turkey,Istanbul ,Celsius,5,28,18,41,82.4,64.4,5,28,18,41.4,0.5652173913,,,,
12/15/2018 11:36:25,Germany,Germany,Celsius,0,35,22,32,95,71.6,0,35,22,63,0.6285714286,,,,
12/15/2018 11:39:11,Tasmania Australia,Tasmania Australia,Celsius,10,25,16,50,77,60.8,10,25,16,27,0.4,,,,
12/15/2018 11:42:30,England,England,Celsius,-5,23,18,23,73.4,64.4,-5,23,18,50.4,0.8214285714,,,,
12/15/2018 11:50:58,North Carolina ,South Carolina ,Fahrenheit,60,82,78,60,82,78,15.55555556,27.77777778,25.55555556,22,0.8181818182,,,,
12/15/2018 11:51:18,New York,Delaware ,Fahrenheit,50,76,70,50,76,70,10,24.44444444,21.11111111,26,0.7692307692,,,,
12/15/2018 11:51:57,Estonia,Estonia,Celsius,8,26,24,46.4,78.8,75.2,8,26,24,32.4,0.8888888889,,,,
12/15/2018 11:52:30,Sweden,Sweden,Celsius,-15,25,15,5,77,59,-15,25,15,72,0.75,,,,
12/15/2018 11:55:26,London,London,Celsius,7,35,20,44.6,95,68,7,35,20,50.4,0.4642857143,,,,
12/15/2018 12:00:33,Tasmania,Tasmania,Celsius,0,35,25,32,95,77,0,35,25,63,0.7142857143,,,,
12/15/2018 12:03:50,Netherlands,Netherlands,Celsius,-5,25,15,23,77,59,-5,25,15,54,0.6666666667,,,,
12/15/2018 12:05:33,Massachusetts ,Massachusetts ,Fahrenheit,20,80,60,20,80,60,-6.666666667,26.66666667,15.55555556,60,0.6666666667,,,,
12/15/2018 12:07:58,The Netherlands,The Netherlands,Celsius,13,24,22,55.4,75.2,71.6,13,24,22,19.8,0.8181818182,,,,
12/15/2018 12:08:39,Switzerland ,Switzerland ,Celsius,-20,+30,+18,-4,86,64.4,-20,30,18,90,0.76,,,,
12/15/2018 12:14:55,Texas,Texas,Fahrenheit,0,110,60,0,110,60,-17.77777778,43.33333333,15.55555556,110,0.5454545455,,,,
12/15/2018 12:23:17,"Southern NSW, Australia","Southern NSW, Australia ",Celsius,18,28,23,64.4,82.4,73.4,18,28,23,18,0.5,,,,
12/15/2018 12:23:55,Denmark,Denmark,Celsius,15,25,20,59,77,68,15,25,20,18,0.5,,,,
12/15/2018 12:30:28,Poland,Poland,Celsius,0,26,21,32,78.8,69.8,0,26,21,46.8,0.8076923077,,,,
12/15/2018 12:38:17,Germany,Germany,Celsius,10,30,22,50,86,71.6,10,30,22,36,0.6,,,,
12/15/2018 12:40:27,"New York, NY, USA","New York, NY, USA",Fahrenheit,25,78,65,25,78,65,-3.888888889,25.55555556,18.33333333,53,0.7547169811,,,,
12/15/2018 12:44:45,Finland ,Finland ,Celsius,-10,25,20,14,77,68,-10,25,20,63,0.8571428571,,,,
12/15/2018 12:45:56,Mn,Pa,Fahrenheit,40,70,69,40,70,69,4.444444444,21.11111111,20.55555556,30,0.9666666667,,,,
12/15/2018 12:52:13,Canada,Canada,Celsius,10,20,16,50,68,60.8,10,20,16,18,0.6,,,,
12/15/2018 12:58:03,Finland,Finland,Celsius,20,30,25,68,86,77,20,30,25,18,0.5,,,,
12/15/2018 13:00:52,Norway,Norway,Celsius,-5,+25,+18,23,77,64.4,-5,25,18,54,0.7666666667,,,,
12/15/2018 13:01:02,"Seoul, South Korea",Seoul,Celsius,-3,28,19,26.6,82.4,66.2,-3,28,19,55.8,0.7096774194,,,,
12/15/2018 13:07:56,North East of England,NE of England,Celsius,8,30,14,46.4,86,57.2,8,30,14,39.6,0.2727272727,,,,
12/15/2018 13:21:10,The Netherlands,The Netherlands,Celsius,15,25,22,59,77,71.6,15,25,22,18,0.7,,,,
12/15/2018 13:42:03,New York,Massachusetts,Fahrenheit,50,80,72,50,80,72,10,26.66666667,22.22222222,30,0.7333333333,,,,
12/15/2018 13:58:29,Italy,Italy,Celsius,10,26,20,50,78.8,68,10,26,20,28.8,0.625,,,,
12/15/2018 14:02:46,Southern Sweden,7 kms from there,Celsius,10,30,20,50,86,68,10,30,20,36,0.5,,,,
12/15/2018 14:04:34,Massachusetts ,Massachusetts ,Fahrenheit,50,85,65,50,85,65,10,29.44444444,18.33333333,35,0.4285714286,,,,
12/15/2018 14:07:30,"New Brunswick, Canada","New Brunswick, Canada",Celsius,-20,25,14,-4,77,57.2,-20,25,14,81,0.7555555556,,,,
12/15/2018 14:11:07,Indiana ,Indiana ,Fahrenheit,40,85,80,40,85,80,4.444444444,29.44444444,26.66666667,45,0.8888888889,,,,
12/15/2018 14:13:12,"Nebraska, USA","Nebraska, USA",Fahrenheit,58,85,74,58,85,74,14.44444444,29.44444444,23.33333333,27,0.5925925926,,,,
12/15/2018 14:47:09,Colorado,Colorado,Fahrenheit,40,80,60,40,80,60,4.444444444,26.66666667,15.55555556,40,0.5,,,,
12/15/2018 15:00:29,United Kingdom,United Kingdom,Celsius,10,25,20,50,77,68,10,25,20,27,0.6666666667,,,,
12/15/2018 15:00:45,Netherlands,Netherlands,Celsius,-10,25,20,14,77,68,-10,25,20,63,0.8571428571,,,,
12/15/2018 15:14:25,Southern Australia,Southern Australia,Celsius,6,34,28,42.8,93.2,82.4,6,34,28,50.4,0.7857142857,,,,
12/15/2018 15:15:15,"San Francisco, California ","Bay Area, California ",Fahrenheit,60,82,68,60,82,68,15.55555556,27.77777778,20,22,0.3636363636,,,,
12/15/2018 15:15:20,"San Francisco, California ","Bay Area, California ",Fahrenheit,60,82,68,60,82,68,15.55555556,27.77777778,20,22,0.3636363636,,,,
12/15/2018 15:19:39,Minnesota ,Virginia ,Fahrenheit,40,85,70,40,85,70,4.444444444,29.44444444,21.11111111,45,0.6666666667,,,,
12/15/2018 15:23:05,California ,California ,Fahrenheit,60,95,80,60,95,80,15.55555556,35,26.66666667,35,0.5714285714,,,,
12/15/2018 15:28:27,Alberta,Alberta,Celsius,-10,+30,+24,14,86,75.2,-10,30,24,72,0.85,,,,
12/15/2018 15:31:10,Germany,Scotland,Celsius,5,25,20,41,77,68,5,25,20,36,0.75,,,,
12/15/2018 15:37:33,Michigan,Michigan,Fahrenheit,60,78,70,60,78,70,15.55555556,25.55555556,21.11111111,18,0.5555555556,,,,
12/15/2018 15:45:03,Texas (coastal),Texas (coastal),Fahrenheit,45,75,60,45,75,60,7.222222222,23.88888889,15.55555556,30,0.5,,,,
12/15/2018 15:50:32,Chicago,Seattle ,Fahrenheit,20,75,55,20,75,55,-6.666666667,23.88888889,12.77777778,55,0.6363636364,,,,
12/15/2018 15:50:34,Central Alberta (Canada),Central Alberta (Canada),Celsius,-25,30,15,-13,86,59,-25,30,15,99,0.7272727273,,,,
12/15/2018 15:53:21,Spain,USA,Celsius,18,40,35,64.4,104,95,18,40,35,39.6,0.7727272727,,,,
12/15/2018 15:59:51,Massachusetts ,Massachusetts ,Fahrenheit,40,76,70,40,76,70,4.444444444,24.44444444,21.11111111,36,0.8333333333,,,,
12/15/2018 16:03:03,New York,Seattle,Fahrenheit,45,87,70,45,87,70,7.222222222,30.55555556,21.11111111,42,0.5952380952,,,,
12/15/2018 16:05:21,Midwset usa,Midwedt usa,Fahrenheit,34,77,53,34,77,53,1.111111111,25,11.66666667,43,0.4418604651,,,,
12/15/2018 16:06:28,Boston,Toronto,Celsius,-10,28,20,14,82.4,68,-10,28,20,68.4,0.7894736842,,,,
12/15/2018 16:09:12,Ontario,Ontario,Celsius,-20,18,0,-4,64.4,32,-20,18,0,68.4,0.5263157895,,,,
12/15/2018 16:14:42,"Fredericksburg, Virginia","Williamsburg, Virginia",Celsius,10,35,25,50,95,77,10,35,25,45,0.6,,,,
12/15/2018 16:23:19,Netherlands ,Netherlands ,Celsius,0,25,22,32,77,71.6,0,25,22,45,0.88,,,,
12/15/2018 16:27:58,France,Switzerland,Celsius,0,25,17,32,77,62.6,0,25,17,45,0.68,,,,
12/15/2018 16:38:10,Michigan,Michigan,Fahrenheit,45,72,66,45,72,66,7.222222222,22.22222222,18.88888889,27,0.7777777778,,,,
12/15/2018 16:44:01,Colorado,New Jersey,Fahrenheit,50,75,68,50,75,68,10,23.88888889,20,25,0.72,,,,
12/15/2018 16:54:16,"Louisiana, USA","Louisiana, USA",Fahrenheit,45,85,65,45,85,65,7.222222222,29.44444444,18.33333333,40,0.5,,,,
12/15/2018 17:02:49,The Netherlands,The Netherlands,Celsius,-10,28,24,14,82.4,75.2,-10,28,24,68.4,0.8947368421,,,,
12/15/2018 17:03:51,Southern California ,Southern California ,Fahrenheit,60,70,65,60,70,65,15.55555556,21.11111111,18.33333333,10,0.5,,,,
12/15/2018 17:11:30,Ohio,Ohio,Fahrenheit,45,77,73,45,77,73,7.222222222,25,22.77777778,32,0.875,,,,
12/15/2018 17:15:53,PNW,PNW,Fahrenheit,20,90,65,20,90,65,-6.666666667,32.22222222,18.33333333,70,0.6428571429,,,,
12/15/2018 17:19:58,"Boston, MA, USA","Chicago, IL, USA",Fahrenheit,10,70,55,10,70,55,-12.22222222,21.11111111,12.77777778,60,0.75,,,,
12/15/2018 17:37:06,Idaho,Idaho,Fahrenheit,45,60,50,45,60,50,7.222222222,15.55555556,10,15,0.3333333333,,,,
12/15/2018 17:37:09,Northern NRW Germany,Northern NRW Germany,Celsius,-15,25,20,5,77,68,-15,25,20,72,0.875,,,,
12/15/2018 17:41:18,Northeast US,Northeast US,Fahrenheit,-20,70,50,-20,70,50,-28.88888889,21.11111111,10,90,0.7777777778,,,,
12/15/2018 17:41:58,Oakland California/Atlanta Georgia,Oakland California,Fahrenheit,60,93,78,60,93,78,15.55555556,33.88888889,25.55555556,33,0.5454545455,,,,
12/15/2018 17:42:37,Indiana,Las Vegas ,Fahrenheit,55,95,80,55,95,80,12.77777778,35,26.66666667,40,0.625,,,,
12/15/2018 18:00:53,"Bergen, Norway","Fetsund, Norway",Celsius,-15,35,23,5,95,73.4,-15,35,23,90,0.76,,,,
12/15/2018 18:13:15,"Maryland, USA","Maryland, USA",Fahrenheit,60,80,75,60,80,75,15.55555556,26.66666667,23.88888889,20,0.75,,,,
12/15/2018 18:26:15,"Michigan, USA","Michigan, USA",Fahrenheit,65,100,77,65,100,77,18.33333333,37.77777778,25,35,0.3428571429,,,,
12/15/2018 18:33:59,Wisconsin (USA),Wisconsin (USA),Fahrenheit,10,85,72,10,85,72,-12.22222222,29.44444444,22.22222222,75,0.8266666667,,,,
12/15/2018 18:45:26,Cyprus,Cyprus,Celsius,13,35,30,55.4,95,86,13,35,30,39.6,0.7727272727,,,,
12/15/2018 19:00:57,Indiana,"Cincinnati, OH",Fahrenheit,40,80,65,40,80,65,4.444444444,26.66666667,18.33333333,40,0.625,,,,
12/15/2018 19:07:28,Argentina,Argentina,Celsius,10,21,18,50,69.8,64.4,10,21,18,19.8,0.7272727273,,,,
12/15/2018 19:11:49,"Southern Ontario, Canada","Southern Ontario, Canada",Celsius,16,25,22,60.8,77,71.6,16,25,22,16.2,0.6666666667,,,,
12/15/2018 19:20:13,NSW Australia,NSW Australia,Kelvin,285,303,295,53.33,85.73,71.33,11.85,29.85,21.85,32.4,0.5555555556,,,,
12/15/2018 19:37:41,Houston,Virginia,Fahrenheit,50,85,70,50,85,70,10,29.44444444,21.11111111,35,0.5714285714,,,,
12/15/2018 19:56:32,"New Jersey, USA - central NJ ","New Jersey, USA - central NJ ",Fahrenheit,40,80,75,40,80,75,4.444444444,26.66666667,23.88888889,40,0.875,,,,
12/15/2018 20:00:18,Michigan,California,Fahrenheit,45,75,60,45,75,60,7.222222222,23.88888889,15.55555556,30,0.5,,,,
12/15/2018 20:08:32,"McHenry, Illinois","Corvallis, Oregon",Fahrenheit,20,91,67,20,91,67,-6.666666667,32.77777778,19.44444444,71,0.661971831,,,,
12/15/2018 20:08:33,"St. Louis, Missouri","Coralville, Iowa",Fahrenheit,30,80,50,30,80,50,-1.111111111,26.66666667,10,50,0.4,,,,
12/15/2018 20:25:17,Southern New Mexico,Northern Colorado,Fahrenheit,45,75,75,45,75,75,7.222222222,23.88888889,23.88888889,30,1,,,,
12/15/2018 20:28:20,Netherlands,Netherlands,Celsius,12,32,27,53.6,89.6,80.6,12,32,27,36,0.75,,,,
12/15/2018 20:45:55,"Philadelphia, Pennsylvania","Philadelphia, Pennsylvania",Fahrenheit,45,85,75,45,85,75,7.222222222,29.44444444,23.88888889,40,0.75,,,,
12/15/2018 20:51:01,Western Finland,Western Finland,Celsius,-10,25,20,14,77,68,-10,25,20,63,0.8571428571,,,,
12/15/2018 20:55:03,Northern Hemisphere,Western Hemisphere,Fahrenheit,40,82,53,40,82,53,4.444444444,27.77777778,11.66666667,42,0.3095238095,,,,
12/15/2018 20:59:22,France,France,Celsius,0,25,15,32,77,59,0,25,15,45,0.6,,,,
12/15/2018 21:07:21,Montreal quebec canada,Montreal quebec canada,Celsius,0,25,25,32,77,77,0,25,25,45,1,,,,
12/15/2018 21:22:40,Connecticut,Connecticut,Fahrenheit,32,85,65,32,85,65,0,29.44444444,18.33333333,53,0.6226415094,,,,
12/15/2018 21:33:51,earth,here,Celsius,5,20,15,41,68,59,5,20,15,27,0.6666666667,,,,
12/15/2018 21:43:49,Ireland,"Connaught, Ireland",Celsius,5,27,14,41,80.6,57.2,5,27,14,39.6,0.4090909091,,,,
12/15/2018 21:55:08,"Memphis, TN","Dallas, TX ",Fahrenheit,50,80,72,50,80,72,10,26.66666667,22.22222222,30,0.7333333333,,,,
12/15/2018 21:58:31,Netherlands. Zuid-Holland ,"Netherlands, Zuid-Holland",Celsius,-5,25,18,23,77,64.4,-5,25,18,54,0.7666666667,,,,
12/15/2018 22:17:33,"Manitoba, Canada","Manitoba, Canada ",Celsius,-15,+30,25,5,86,77,-15,30,25,81,0.8888888889,,,,
12/15/2018 22:20:46,No single place; moved a lot across different climate zones.,"Montréal, Québec (Canada)",Celsius,-38,38,-4,-36.4,100.4,24.8,-38,38,-4,136.8,0.4473684211,,,,
12/15/2018 23:49:48,Brazil,Brazil,Celsius,5,24,15,41,75.2,59,5,24,15,34.2,0.5263157895,,,,
12/16/2018 1:34:02,New York,Still New York,Fahrenheit,32,86,50,32,86,50,0,30,10,54,0.3333333333,,,,
12/16/2018 2:14:39,"Memphis, TN, USA","Provo, UT, USA",Fahrenheit,32,85,65,32,85,65,0,29.44444444,18.33333333,53,0.6226415094,,,,
12/16/2018 3:42:00,Memphis TN,St Louis MO,Fahrenheit,35,90,65,35,90,65,1.666666667,32.22222222,18.33333333,55,0.5454545455,,,,
12/16/2018 3:53:53,"Central FL, USA","Central FL, USA",Fahrenheit,45,80,70,45,80,70,7.222222222,26.66666667,21.11111111,35,0.7142857143,,,,
12/16/2018 4:42:37,"Boston, MA ","Austin, TX",Fahrenheit,30,85,70,30,85,70,-1.111111111,29.44444444,21.11111111,55,0.7272727273,,,,
12/16/2018 4:52:34,Indiana ,Texas,Fahrenheit,55,80,70,55,80,70,12.77777778,26.66666667,21.11111111,25,0.6,,,,
12/16/2018 4:59:44,Texas,OKLAHOMA,Fahrenheit,40,85,75,40,85,75,4.444444444,29.44444444,23.88888889,45,0.7777777778,,,,
12/16/2018 14:28:35,germany,germany,Celsius,15,30,25,59,86,77,15,30,25,27,0.6666666667,,,,
12/16/2018 14:35:07,Toronto,Toronto,Celsius,5,23,18,41,73.4,64.4,5,23,18,32.4,0.7222222222,,,,
12/16/2018 15:50:41,"Chennai, India","Rogers Park, Chicago, IL",Fahrenheit,32,76,70,32,76,70,0,24.44444444,21.11111111,44,0.8636363636,,,,
12/16/2018 15:52:06,"France, Paris","France, Reims in the North-East of Paris",Celsius,-10,25,13,14,77,55.4,-10,25,13,63,0.6571428571,,,,
12/16/2018 15:54:29,Finland,UK,Celsius,21,30,21,69.8,86,69.8,21,30,21,16.2,0,,,,
12/16/2018 16:34:14,"Dayton, Ohio, United States","Dayton, Ohio, United States",Fahrenheit,30,82,65,30,82,65,-1.111111111,27.77777778,18.33333333,52,0.6730769231,,,,
12/16/2018 17:20:20,Chicago,"Nowhere - traveling Asia/Europe for a year now, but then Washington DC. and most recently, Sydney",Fahrenheit,60,90,75,60,90,75,15.55555556,32.22222222,23.88888889,30,0.5,,,,
12/16/2018 19:15:47,"South Bay Area, California","South Bay Area, California",Fahrenheit,50,72,60,50,72,60,10,22.22222222,15.55555556,22,0.4545454545,,,,
12/16/2018 19:39:01,Israel ,Israel ,Celsius,27,44,35,80.6,111.2,95,27,44,35,30.6,0.4705882353,,,,
12/16/2018 21:26:04,"North Alabama, USA","North Alabama, USA",Fahrenheit,0,87,66,0,87,66,-17.77777778,30.55555556,18.88888889,87,0.7586206897,,,,
12/16/2018 21:36:21,Chicago!,Chicago!,Fahrenheit,35,82,71,35,82,71,1.666666667,27.77777778,21.66666667,47,0.7659574468,,,,
12/17/2018 0:52:29,Utah,Utah,Fahrenheit,63,85,70,63,85,70,17.22222222,29.44444444,21.11111111,22,0.3181818182,,,,
12/17/2018 3:17:40,Northern NJ,Northern NJ,Fahrenheit,48,88,72,48,88,72,8.888888889,31.11111111,22.22222222,40,0.6,,,,
12/17/2018 14:49:04,"Turkey, coast of Aegean Sea","Turkey, Ankara",Celsius,-5,45,10,23,113,50,-5,45,10,90,0.3,,,,
12/17/2018 16:13:25,NYC,NYC,Fahrenheit,50,70,65,50,70,65,10,21.11111111,18.33333333,20,0.75,,,,
12/17/2018 18:50:31,"Baltimore, MD","Baltimore, MD",Fahrenheit,60,90,78,60,90,78,15.55555556,32.22222222,25.55555556,30,0.6,,,,
12/17/2018 19:48:52,New York City,Florida,Fahrenheit,15,90,62,15,90,62,-9.444444444,32.22222222,16.66666667,75,0.6266666667,,,,
12/18/2018 0:04:56,Australia,Australia,Celsius,5,30,15,41,86,59,5,30,15,45,0.4,,,,
12/18/2018 2:45:04,NE Minnesota,"Fargo, ND",Fahrenheit,-15,100,85,-15,100,85,-26.11111111,37.77777778,29.44444444,115,0.8695652174,,,,
12/18/2018 21:21:04,"Poland, the south","Poland, the south",Celsius,-5,27,23,23,80.6,73.4,-5,27,23,57.6,0.875,,,,